Date,Trap_Type,Trap_Number
2/16/2010,fukui,hillier_1_2_16_1
2/16/2010,fukui,hillier_1_2_16_2
2/16/2010,fukui,hillier_1_2_16_3
2/16/2010,fukui,hillier_1_2_16_4
2/16/2010,fukui,hillier_1_2_16_5
2/16/2010,fukui,hillier_1_2_16_6
9/8/2011,fukui,hillier_1_9_8_1
9/8/2011,fukui,hillier_1_9_8_2
9/8/2011,fukui,hillier_1_9_8_3
9/8/2011,fukui,hillier_1_9_8_4
9/8/2011,fukui,hillier_1_9_8_5
9/8/2011,fukui,hillier_1_9_8_6
2/16/2010,fukui,hillier_2_2_16_1
2/16/2010,fukui,hillier_2_2_16_2
2/16/2010,fukui,hillier_2_2_16_3
2/16/2010,fukui,hillier_2_2_16_4
2/16/2010,fukui,hillier_2_2_16_5
2/16/2010,fukui,hillier_2_2_16_6
9/8/2011,fukui,hillier_2_9_8_1
9/8/2011,fukui,hillier_2_9_8_2
9/8/2011,fukui,hillier_2_9_8_3
9/8/2011,fukui,hillier_2_9_8_4
9/8/2011,fukui,hillier_2_9_8_5
9/8/2011,fukui,hillier_2_9_8_6
6/28/2007,fukui,hillier_3_6_28_1
6/28/2007,fukui,hillier_3_6_28_2
6/28/2007,fukui,hillier_3_6_28_3
6/28/2007,fukui,hillier_3_6_28_4
6/28/2007,fukui,hillier_3_6_28_5
2/16/2010,fukui,hillier_3_2_16_1
2/16/2010,fukui,hillier_3_2_16_2
2/16/2010,fukui,hillier_3_2_16_3
2/16/2010,fukui,hillier_3_2_16_4
2/16/2010,fukui,hillier_3_2_16_5
2/16/2010,fukui,hillier_3_2_16_6
9/8/2011,fukui,hillier_3_9_8_1
9/8/2011,fukui,hillier_3_9_8_2
9/8/2011,fukui,hillier_3_9_8_3
9/8/2011,fukui,hillier_3_9_8_4
9/8/2011,fukui,hillier_3_9_8_5
9/8/2011,fukui,hillier_3_9_8_6
5/31/2007,fukui,hillier_4_5_31_1
5/31/2007,fukui,hillier_4_5_31_2
5/31/2007,fukui,hillier_4_5_31_3
5/31/2007,fukui,hillier_4_5_31_4
2/16/2010,fukui,hillier_4_2_16_1
2/16/2010,fukui,hillier_4_2_16_2
2/16/2010,fukui,hillier_4_2_16_3
2/16/2010,fukui,hillier_4_2_16_4
2/16/2010,fukui,hillier_4_2_16_5
2/16/2010,fukui,hillier_4_2_16_6
2/16/2010,fukui,hillier_5_2_16_1
2/16/2010,fukui,hillier_5_2_16_2
2/16/2010,fukui,hillier_5_2_16_3
2/16/2010,fukui,hillier_5_2_16_4
2/16/2010,fukui,hillier_5_2_16_5
2/16/2010,fukui,hillier_5_2_16_6
2/16/2010,fukui,hillier_6_2_16_1
2/16/2010,fukui,hillier_6_2_16_2
2/16/2010,fukui,hillier_6_2_16_3
2/16/2010,fukui,hillier_6_2_16_4
2/16/2010,fukui,hillier_6_2_16_5
2/16/2010,fukui,hillier_6_2_16_6
7/5/2011,fukui,hillier_6_7_5_99
2/17/2010,fukui,hillier_7_2_17_1
2/17/2010,fukui,hillier_7_2_17_2
2/17/2010,fukui,hillier_7_2_17_3
2/17/2010,fukui,hillier_7_2_17_4
2/17/2010,fukui,hillier_7_2_17_5
2/17/2010,fukui,hillier_7_2_17_6
7/5/2011,fukui,hillier_7_7_5_1
7/5/2011,fukui,hillier_7_7_5_2
7/5/2011,fukui,hillier_7_7_5_3
7/5/2011,fukui,hillier_7_7_5_4
7/5/2011,fukui,hillier_7_7_5_5
7/5/2011,fukui,hillier_7_7_5_99
2/17/2010,fukui,hillier_8_2_17_1
2/17/2010,fukui,hillier_8_2_17_2
2/17/2010,fukui,hillier_8_2_17_3
2/17/2010,fukui,hillier_8_2_17_4
2/17/2010,fukui,hillier_8_2_17_5
2/17/2010,fukui,hillier_8_2_17_6
7/5/2011,fukui,hillier_8_7_5_1
7/5/2011,fukui,hillier_8_7_5_2
7/5/2011,fukui,hillier_8_7_5_3
7/5/2011,fukui,hillier_8_7_5_4
7/5/2011,fukui,hillier_8_7_5_5
7/5/2011,fukui,hillier_8_7_5_99
2/17/2010,fukui,hillier_9_2_17_1
2/17/2010,fukui,hillier_9_2_17_2
2/17/2010,fukui,hillier_9_2_17_3
2/17/2010,fukui,hillier_9_2_17_4
2/17/2010,fukui,hillier_9_2_17_5
2/17/2010,fukui,hillier_9_2_17_6
2/17/2010,fukui,hillier_10_2_17_1
2/17/2010,fukui,hillier_10_2_17_2
2/17/2010,fukui,hillier_10_2_17_3
2/17/2010,fukui,hillier_10_2_17_4
2/17/2010,fukui,hillier_10_2_17_5
2/17/2010,fukui,hillier_10_2_17_6
9/9/2011,fukui,hillier_10_9_9_1
9/9/2011,fukui,hillier_10_9_9_2
9/9/2011,fukui,hillier_10_9_9_3
9/9/2011,fukui,hillier_10_9_9_4
9/9/2011,fukui,hillier_10_9_9_5
9/9/2011,fukui,hillier_10_9_9_6
2/17/2010,fukui,hillier_11_2_17_1
2/17/2010,fukui,hillier_11_2_17_2
2/17/2010,fukui,hillier_11_2_17_3
2/17/2010,fukui,hillier_11_2_17_4
2/17/2010,fukui,hillier_11_2_17_5
2/17/2010,fukui,hillier_11_2_17_6
7/21/2011,fukui,hillier_11_7_21_1
7/21/2011,fukui,hillier_11_7_21_2
7/21/2011,fukui,hillier_11_7_21_3
7/21/2011,fukui,hillier_11_7_21_4
7/21/2011,fukui,hillier_11_7_21_5
7/21/2011,fukui,hillier_11_7_21_99
9/9/2011,fukui,hillier_11_9_9_1
9/9/2011,fukui,hillier_11_9_9_2
9/9/2011,fukui,hillier_11_9_9_3
9/9/2011,fukui,hillier_11_9_9_4
9/9/2011,fukui,hillier_11_9_9_5
9/9/2011,fukui,hillier_11_9_9_6
2/17/2010,fukui,hillier_12_2_17_1
2/17/2010,fukui,hillier_12_2_17_2
2/17/2010,fukui,hillier_12_2_17_3
2/17/2010,fukui,hillier_12_2_17_4
2/17/2010,fukui,hillier_12_2_17_5
2/17/2010,fukui,hillier_12_2_17_6
7/21/2011,fukui,hillier_12_7_21_1
7/21/2011,fukui,hillier_12_7_21_2
7/21/2011,fukui,hillier_12_7_21_3
7/21/2011,fukui,hillier_12_7_21_4
7/21/2011,fukui,hillier_12_7_21_5
7/21/2011,fukui,hillier_12_7_21_99
9/9/2011,fukui,hillier_12_9_9_1
9/9/2011,fukui,hillier_12_9_9_2
9/9/2011,fukui,hillier_12_9_9_3
9/9/2011,fukui,hillier_12_9_9_4
9/9/2011,fukui,hillier_12_9_9_5
9/9/2011,fukui,hillier_12_9_9_6
2/18/2010,fukui,hillier_13_2_18_1
2/18/2010,fukui,hillier_13_2_18_2
2/18/2010,fukui,hillier_13_2_18_3
2/18/2010,fukui,hillier_13_2_18_4
2/18/2010,fukui,hillier_13_2_18_5
2/18/2010,fukui,hillier_13_2_18_6
9/9/2010,fukui,hillier_13_9_9_1
9/9/2010,fukui,hillier_13_9_9_2
9/9/2010,fukui,hillier_13_9_9_3
9/9/2010,fukui,hillier_13_9_9_4
9/9/2010,fukui,hillier_13_9_9_5
9/9/2010,fukui,hillier_13_9_9_6
2/18/2010,fukui,hillier_14_2_18_1
2/18/2010,fukui,hillier_14_2_18_2
2/18/2010,fukui,hillier_14_2_18_3
2/18/2010,fukui,hillier_14_2_18_4
2/18/2010,fukui,hillier_14_2_18_5
2/18/2010,fukui,hillier_14_2_18_6
9/9/2010,fukui,hillier_14_9_9_1
9/9/2010,fukui,hillier_14_9_9_2
9/9/2010,fukui,hillier_14_9_9_3
9/9/2010,fukui,hillier_14_9_9_4
9/9/2010,fukui,hillier_14_9_9_5
9/9/2010,fukui,hillier_14_9_9_6
2/18/2010,fukui,hillier_15_2_18_1
2/18/2010,fukui,hillier_15_2_18_2
2/18/2010,fukui,hillier_15_2_18_3
2/18/2010,fukui,hillier_15_2_18_4
2/18/2010,fukui,hillier_15_2_18_5
2/18/2010,fukui,hillier_15_2_18_6
8/18/2011,fukui,hillier_15_8_18_99
2/18/2010,fukui,hillier_16_2_18_1
2/18/2010,fukui,hillier_16_2_18_2
2/18/2010,fukui,hillier_16_2_18_3
2/18/2010,fukui,hillier_16_2_18_4
2/18/2010,fukui,hillier_16_2_18_5
2/18/2010,fukui,hillier_16_2_18_6
9/14/2011,fukui,hillier_18_9_14_5
9/14/2011,fukui,hillier_18_9_14_99
2/19/2010,fukui,hillier_19_2_19_1
2/19/2010,fukui,hillier_19_2_19_2
2/19/2010,fukui,hillier_19_2_19_3
2/19/2010,fukui,hillier_19_2_19_4
2/19/2010,fukui,hillier_19_2_19_5
2/19/2010,fukui,hillier_19_2_19_6
9/14/2011,fukui,hillier_19_9_14_4
9/14/2011,fukui,hillier_19_9_14_5
9/14/2011,fukui,hillier_19_9_14_99
2/19/2010,fukui,hillier_20_2_19_1
2/19/2010,fukui,hillier_20_2_19_2
2/19/2010,fukui,hillier_20_2_19_3
2/19/2010,fukui,hillier_20_2_19_4
2/19/2010,fukui,hillier_20_2_19_5
2/19/2010,fukui,hillier_20_2_19_6
2/19/2010,fukui,hillier_21_2_19_1
2/19/2010,fukui,hillier_21_2_19_2
2/19/2010,fukui,hillier_21_2_19_3
2/19/2010,fukui,hillier_21_2_19_4
2/19/2010,fukui,hillier_21_2_19_5
2/19/2010,fukui,hillier_21_2_19_6
2/19/2010,fukui,hillier_22_2_19_1
2/19/2010,fukui,hillier_22_2_19_2
2/19/2010,fukui,hillier_22_2_19_3
2/19/2010,fukui,hillier_22_2_19_4
2/19/2010,fukui,hillier_22_2_19_5
2/19/2010,fukui,hillier_22_2_19_6
10/12/2011,fukui,hillier_22_10_12_1
10/12/2011,fukui,hillier_22_10_12_2
10/12/2011,fukui,hillier_22_10_12_3
10/12/2011,fukui,hillier_22_10_12_4
10/12/2011,fukui,hillier_22_10_12_5
10/12/2011,fukui,hillier_22_10_12_99
2/19/2010,fukui,hillier_23_2_19_1
2/19/2010,fukui,hillier_23_2_19_2
2/19/2010,fukui,hillier_23_2_19_3
2/19/2010,fukui,hillier_23_2_19_4
2/19/2010,fukui,hillier_23_2_19_5
2/19/2010,fukui,hillier_23_2_19_6
10/12/2011,fukui,hillier_23_10_12_1
10/12/2011,fukui,hillier_23_10_12_2
10/12/2011,fukui,hillier_23_10_12_3
10/12/2011,fukui,hillier_23_10_12_4
10/12/2011,fukui,hillier_23_10_12_5
10/12/2011,fukui,hillier_23_10_12_99
2/19/2010,fukui,hillier_24_2_19_1
2/19/2010,fukui,hillier_24_2_19_2
2/19/2010,fukui,hillier_24_2_19_3
2/19/2010,fukui,hillier_24_2_19_4
2/19/2010,fukui,hillier_24_2_19_5
2/19/2010,fukui,hillier_24_2_19_6
10/12/2011,fukui,hillier_24_10_12_1
10/12/2011,fukui,hillier_24_10_12_2
10/12/2011,fukui,hillier_24_10_12_3
10/12/2011,fukui,hillier_24_10_12_4
10/12/2011,fukui,hillier_24_10_12_5
10/12/2011,fukui,hillier_24_10_12_99
9/10/2011,fukui,hillier_25_9_10_1
9/10/2011,fukui,hillier_25_9_10_2
9/10/2011,fukui,hillier_25_9_10_3
9/10/2011,fukui,hillier_25_9_10_4
9/10/2011,fukui,hillier_25_9_10_5
9/10/2011,fukui,hillier_25_9_10_6
9/10/2011,fukui,hillier_26_9_10_1
9/10/2011,fukui,hillier_26_9_10_2
9/10/2011,fukui,hillier_26_9_10_3
9/10/2011,fukui,hillier_26_9_10_4
9/10/2011,fukui,hillier_26_9_10_5
9/10/2011,fukui,hillier_26_9_10_6
9/10/2011,fukui,hillier_27_9_10_1
9/10/2011,fukui,hillier_27_9_10_2
9/10/2011,fukui,hillier_27_9_10_3
9/10/2011,fukui,hillier_27_9_10_4
9/10/2011,fukui,hillier_27_9_10_5
9/10/2011,fukui,hillier_27_9_10_6
9/11/2010,fukui,hillier_29_9_11_2
9/11/2010,fukui,hillier_29_9_11_3
9/11/2010,fukui,hillier_29_9_11_5
9/11/2010,fukui,hillier_29_9_11_6
9/11/2010,fukui,hillier_30_9_11_3
9/11/2010,fukui,hillier_30_9_11_4
9/11/2010,fukui,hillier_30_9_11_5
9/11/2010,fukui,hillier_30_9_11_6
9/12/2010,fukui,hillier_31_9_12_1
9/12/2010,fukui,hillier_31_9_12_2
9/12/2010,fukui,hillier_31_9_12_3
9/12/2010,fukui,hillier_31_9_12_4
9/12/2010,fukui,hillier_31_9_12_5
9/12/2010,fukui,hillier_31_9_12_6
9/12/2010,fukui,hillier_32_9_12_1
9/12/2010,fukui,hillier_32_9_12_2
9/12/2010,fukui,hillier_32_9_12_3
9/12/2010,fukui,hillier_32_9_12_4
9/12/2010,fukui,hillier_32_9_12_5
9/12/2010,fukui,hillier_32_9_12_6
9/12/2010,fukui,hillier_33_9_12_1
9/12/2010,fukui,hillier_33_9_12_2
9/12/2010,fukui,hillier_33_9_12_3
9/12/2010,fukui,hillier_33_9_12_4
9/12/2010,fukui,hillier_33_9_12_5
9/12/2010,fukui,hillier_33_9_12_6
9/11/2011,fukui,hillier_34_9_11_1
9/11/2011,fukui,hillier_34_9_11_2
9/11/2011,fukui,hillier_34_9_11_3
9/11/2011,fukui,hillier_34_9_11_4
9/11/2011,fukui,hillier_34_9_11_5
9/11/2011,fukui,hillier_34_9_11_6
11/8/2011,fukui,hillier_34_11_8_1
11/8/2011,fukui,hillier_34_11_8_2
11/8/2011,fukui,hillier_34_11_8_3
11/8/2011,fukui,hillier_34_11_8_4
11/8/2011,fukui,hillier_34_11_8_5
11/8/2011,fukui,hillier_34_11_8_99
9/11/2011,fukui,hillier_35_9_11_1
9/11/2011,fukui,hillier_35_9_11_2
9/11/2011,fukui,hillier_35_9_11_3
9/11/2011,fukui,hillier_35_9_11_4
9/11/2011,fukui,hillier_35_9_11_5
9/11/2011,fukui,hillier_35_9_11_6
11/8/2011,fukui,hillier_35_11_8_1
11/8/2011,fukui,hillier_35_11_8_2
11/8/2011,fukui,hillier_35_11_8_3
11/8/2011,fukui,hillier_35_11_8_4
11/8/2011,fukui,hillier_35_11_8_5
11/8/2011,fukui,hillier_35_11_8_99
9/11/2011,fukui,hillier_36_9_11_1
9/11/2011,fukui,hillier_36_9_11_2
9/11/2011,fukui,hillier_36_9_11_3
9/11/2011,fukui,hillier_36_9_11_4
9/11/2011,fukui,hillier_36_9_11_5
9/11/2011,fukui,hillier_36_9_11_6
11/8/2011,fukui,hillier_36_11_8_1
11/8/2011,fukui,hillier_36_11_8_2
11/8/2011,fukui,hillier_36_11_8_3
11/8/2011,fukui,hillier_36_11_8_4
11/8/2011,fukui,hillier_36_11_8_5
11/8/2011,fukui,hillier_36_11_8_99
9/13/2010,fukui,hillier_40_9_13_1
9/13/2010,fukui,hillier_40_9_13_2
9/13/2010,fukui,hillier_40_9_13_3
9/13/2010,fukui,hillier_40_9_13_4
9/13/2010,fukui,hillier_40_9_13_5
9/13/2010,fukui,hillier_40_9_13_6
9/13/2010,fukui,hillier_41_9_13_1
9/13/2010,fukui,hillier_41_9_13_2
9/13/2010,fukui,hillier_41_9_13_3
9/13/2010,fukui,hillier_41_9_13_4
9/13/2010,fukui,hillier_41_9_13_5
9/13/2010,fukui,hillier_41_9_13_6
9/13/2010,fukui,hillier_42_9_13_1
9/13/2010,fukui,hillier_42_9_13_2
9/13/2010,fukui,hillier_42_9_13_3
9/13/2010,fukui,hillier_42_9_13_4
9/13/2010,fukui,hillier_42_9_13_5
9/13/2010,fukui,hillier_42_9_13_6
1/10/2012,fukui,hillier_42_1_10_1
1/10/2012,fukui,hillier_42_1_10_2
1/10/2012,fukui,hillier_42_1_10_3
1/10/2012,fukui,hillier_42_1_10_4
1/10/2012,fukui,hillier_42_1_10_5
1/10/2012,fukui,hillier_42_1_10_99
9/12/2011,fukui,hillier_43_9_12_1
9/12/2011,fukui,hillier_43_9_12_2
9/12/2011,fukui,hillier_43_9_12_3
9/12/2011,fukui,hillier_43_9_12_4
9/12/2011,fukui,hillier_43_9_12_5
9/12/2011,fukui,hillier_43_9_12_6
1/10/2012,fukui,hillier_43_1_10_2
1/10/2012,fukui,hillier_43_1_10_3
1/10/2012,fukui,hillier_43_1_10_4
1/10/2012,fukui,hillier_43_1_10_5
1/10/2012,fukui,hillier_43_1_10_99
9/12/2011,fukui,hillier_44_9_12_1
9/12/2011,fukui,hillier_44_9_12_2
9/12/2011,fukui,hillier_44_9_12_3
9/12/2011,fukui,hillier_44_9_12_4
9/12/2011,fukui,hillier_44_9_12_5
9/12/2011,fukui,hillier_44_9_12_6
1/10/2012,fukui,hillier_44_1_10_1
1/10/2012,fukui,hillier_44_1_10_2
1/10/2012,fukui,hillier_44_1_10_3
1/10/2012,fukui,hillier_44_1_10_4
1/10/2012,fukui,hillier_44_1_10_5
1/10/2012,fukui,hillier_44_1_10_99
9/12/2011,fukui,hillier_45_9_12_1
9/12/2011,fukui,hillier_45_9_12_2
9/12/2011,fukui,hillier_45_9_12_3
9/12/2011,fukui,hillier_45_9_12_4
9/12/2011,fukui,hillier_45_9_12_5
9/12/2011,fukui,hillier_45_9_12_6
9/14/2010,fukui,hillier_49_9_14_1
9/14/2010,fukui,hillier_49_9_14_2
9/14/2010,fukui,hillier_49_9_14_3
9/14/2010,fukui,hillier_49_9_14_4
9/14/2010,fukui,hillier_49_9_14_5
9/14/2010,fukui,hillier_49_9_14_6
9/14/2010,fukui,hillier_50_9_14_1
9/14/2010,fukui,hillier_50_9_14_2
9/14/2010,fukui,hillier_50_9_14_3
9/14/2010,fukui,hillier_50_9_14_4
9/14/2010,fukui,hillier_50_9_14_5
9/14/2010,fukui,hillier_50_9_14_6
9/14/2010,fukui,hillier_51_9_14_1
9/14/2010,fukui,hillier_51_9_14_2
9/14/2010,fukui,hillier_51_9_14_3
9/14/2010,fukui,hillier_51_9_14_4
9/14/2010,fukui,hillier_51_9_14_5
9/14/2010,fukui,hillier_51_9_14_6
9/13/2011,fukui,hillier_52_9_13_1
9/13/2011,fukui,hillier_52_9_13_2
9/13/2011,fukui,hillier_52_9_13_3
9/13/2011,fukui,hillier_52_9_13_4
9/13/2011,fukui,hillier_52_9_13_5
9/13/2011,fukui,hillier_52_9_13_6
3/6/2012,fukui,hillier_52_3_6_1
3/6/2012,fukui,hillier_52_3_6_2
3/6/2012,fukui,hillier_52_3_6_3
3/6/2012,fukui,hillier_52_3_6_4
3/6/2012,fukui,hillier_52_3_6_5
3/6/2012,fukui,hillier_52_3_6_99
9/13/2011,fukui,hillier_53_9_13_1
9/13/2011,fukui,hillier_53_9_13_2
9/13/2011,fukui,hillier_53_9_13_3
9/13/2011,fukui,hillier_53_9_13_4
9/13/2011,fukui,hillier_53_9_13_5
9/13/2011,fukui,hillier_53_9_13_6
3/6/2012,fukui,hillier_53_3_6_1
3/6/2012,fukui,hillier_53_3_6_2
3/6/2012,fukui,hillier_53_3_6_3
3/6/2012,fukui,hillier_53_3_6_4
3/6/2012,fukui,hillier_53_3_6_5
3/6/2012,fukui,hillier_53_3_6_99
9/13/2011,fukui,hillier_54_9_13_1
9/13/2011,fukui,hillier_54_9_13_2
9/13/2011,fukui,hillier_54_9_13_3
9/13/2011,fukui,hillier_54_9_13_4
9/13/2011,fukui,hillier_54_9_13_5
9/13/2011,fukui,hillier_54_9_13_6
3/6/2012,fukui,hillier_54_3_6_1
3/6/2012,fukui,hillier_54_3_6_2
3/6/2012,fukui,hillier_54_3_6_3
3/6/2012,fukui,hillier_54_3_6_4
3/6/2012,fukui,hillier_54_3_6_5
3/6/2012,fukui,hillier_54_3_6_99
9/15/2010,fukui,hillier_59_9_15_1
9/15/2010,fukui,hillier_59_9_15_2
9/15/2010,fukui,hillier_59_9_15_3
9/15/2010,fukui,hillier_59_9_15_4
9/15/2010,fukui,hillier_59_9_15_5
9/15/2010,fukui,hillier_59_9_15_6
9/15/2010,fukui,hillier_60_9_15_1
9/15/2010,fukui,hillier_60_9_15_2
9/15/2010,fukui,hillier_60_9_15_3
9/15/2010,fukui,hillier_60_9_15_4
9/15/2010,fukui,hillier_60_9_15_5
9/15/2010,fukui,hillier_60_9_15_6
9/14/2011,fukui,hillier_61_9_14_1
9/14/2011,fukui,hillier_61_9_14_2
9/14/2011,fukui,hillier_61_9_14_3
9/14/2011,fukui,hillier_61_9_14_4
9/14/2011,fukui,hillier_61_9_14_5
9/14/2011,fukui,hillier_61_9_14_6
9/15/2010,fukui,hillier_62_9_15_1
9/15/2010,fukui,hillier_62_9_15_2
9/15/2010,fukui,hillier_62_9_15_3
9/15/2010,fukui,hillier_62_9_15_4
9/15/2010,fukui,hillier_62_9_15_5
9/15/2010,fukui,hillier_62_9_15_6
9/14/2011,fukui,hillier_62_9_14_1
9/14/2011,fukui,hillier_62_9_14_2
9/14/2011,fukui,hillier_62_9_14_3
9/14/2011,fukui,hillier_62_9_14_4
9/14/2011,fukui,hillier_62_9_14_5
9/14/2011,fukui,hillier_62_9_14_6
9/14/2011,fukui,hillier_63_9_14_1
9/14/2011,fukui,hillier_63_9_14_2
9/14/2011,fukui,hillier_63_9_14_3
9/14/2011,fukui,hillier_63_9_14_4
9/14/2011,fukui,hillier_63_9_14_5
9/14/2011,fukui,hillier_63_9_14_6
4/5/2012,fukui,hillier_67_4_5_1
4/5/2012,fukui,hillier_67_4_5_2
4/5/2012,fukui,hillier_67_4_5_3
4/5/2012,fukui,hillier_67_4_5_4
4/5/2012,fukui,hillier_67_4_5_5
4/5/2012,fukui,hillier_67_4_5_99
4/5/2012,fukui,hillier_68_4_5_1
4/5/2012,fukui,hillier_68_4_5_2
4/5/2012,fukui,hillier_68_4_5_3
4/5/2012,fukui,hillier_68_4_5_4
4/5/2012,fukui,hillier_68_4_5_5
4/5/2012,fukui,hillier_68_4_5_99
4/5/2012,fukui,hillier_69_4_5_1
4/5/2012,fukui,hillier_69_4_5_2
4/5/2012,fukui,hillier_69_4_5_3
4/5/2012,fukui,hillier_69_4_5_4
4/5/2012,fukui,hillier_69_4_5_5
4/5/2012,fukui,hillier_69_4_5_99
9/16/2010,fukui,hillier_70_9_16_1
9/16/2010,fukui,hillier_70_9_16_2
9/16/2010,fukui,hillier_70_9_16_3
9/16/2010,fukui,hillier_70_9_16_4
9/16/2010,fukui,hillier_70_9_16_5
9/16/2010,fukui,hillier_70_9_16_6
9/15/2011,fukui,hillier_70_9_15_1
9/15/2011,fukui,hillier_70_9_15_2
9/15/2011,fukui,hillier_70_9_15_3
9/15/2011,fukui,hillier_70_9_15_4
9/15/2011,fukui,hillier_70_9_15_5
9/15/2011,fukui,hillier_70_9_15_6
9/16/2010,fukui,hillier_71_9_16_1
9/16/2010,fukui,hillier_71_9_16_2
9/16/2010,fukui,hillier_71_9_16_3
9/16/2010,fukui,hillier_71_9_16_4
9/16/2010,fukui,hillier_71_9_16_5
9/16/2010,fukui,hillier_71_9_16_6
9/15/2011,fukui,hillier_71_9_15_1
9/15/2011,fukui,hillier_71_9_15_2
9/15/2011,fukui,hillier_71_9_15_3
9/15/2011,fukui,hillier_71_9_15_4
9/15/2011,fukui,hillier_71_9_15_5
9/15/2011,fukui,hillier_71_9_15_6
9/16/2010,fukui,hillier_72_9_16_1
9/16/2010,fukui,hillier_72_9_16_2
9/16/2010,fukui,hillier_72_9_16_3
9/16/2010,fukui,hillier_72_9_16_4
9/16/2010,fukui,hillier_72_9_16_5
9/16/2010,fukui,hillier_72_9_16_6
9/15/2011,fukui,hillier_72_9_15_1
9/15/2011,fukui,hillier_72_9_15_2
9/15/2011,fukui,hillier_72_9_15_3
9/15/2011,fukui,hillier_72_9_15_4
9/15/2011,fukui,hillier_72_9_15_5
9/15/2011,fukui,hillier_72_9_15_6
5/1/2012,fukui,hillier_72_5_1_1
5/1/2012,fukui,hillier_72_5_1_2
5/1/2012,fukui,hillier_72_5_1_3
5/1/2012,fukui,hillier_72_5_1_4
5/1/2012,fukui,hillier_72_5_1_5
5/1/2012,fukui,hillier_72_5_1_99
5/1/2012,fukui,hillier_73_5_1_1
5/1/2012,fukui,hillier_73_5_1_2
5/1/2012,fukui,hillier_73_5_1_3
5/1/2012,fukui,hillier_73_5_1_4
5/1/2012,fukui,hillier_73_5_1_5
5/1/2012,fukui,hillier_73_5_1_99
5/1/2012,fukui,hillier_74_5_1_1
5/1/2012,fukui,hillier_74_5_1_2
5/1/2012,fukui,hillier_74_5_1_3
5/1/2012,fukui,hillier_74_5_1_4
5/1/2012,fukui,hillier_74_5_1_5
5/1/2012,fukui,hillier_74_5_1_99
9/17/2010,fukui,hillier_81_9_17_1
9/17/2010,fukui,hillier_81_9_17_2
9/17/2010,fukui,hillier_81_9_17_3
9/17/2010,fukui,hillier_81_9_17_4
9/17/2010,fukui,hillier_81_9_17_5
9/17/2010,fukui,hillier_81_9_17_6
9/17/2010,fukui,hillier_82_9_17_1
9/17/2010,fukui,hillier_82_9_17_2
9/17/2010,fukui,hillier_82_9_17_3
9/17/2010,fukui,hillier_82_9_17_4
9/17/2010,fukui,hillier_82_9_17_5
9/17/2010,fukui,hillier_82_9_17_6
5/30/2012,fukui,hillier_82_5_30_1
5/30/2012,fukui,hillier_82_5_30_2
5/30/2012,fukui,hillier_82_5_30_3
5/30/2012,fukui,hillier_82_5_30_4
5/30/2012,fukui,hillier_82_5_30_5
5/30/2012,fukui,hillier_82_5_30_99
9/17/2010,fukui,hillier_83_9_17_1
9/17/2010,fukui,hillier_83_9_17_2
9/17/2010,fukui,hillier_83_9_17_3
9/17/2010,fukui,hillier_83_9_17_4
9/17/2010,fukui,hillier_83_9_17_5
9/17/2010,fukui,hillier_83_9_17_6
5/30/2012,fukui,hillier_83_5_30_1
5/30/2012,fukui,hillier_83_5_30_2
5/30/2012,fukui,hillier_83_5_30_3
5/30/2012,fukui,hillier_83_5_30_4
5/30/2012,fukui,hillier_83_5_30_5
5/30/2012,fukui,hillier_83_5_30_99
5/30/2012,fukui,hillier_84_5_30_1
5/30/2012,fukui,hillier_84_5_30_2
5/30/2012,fukui,hillier_84_5_30_3
5/30/2012,fukui,hillier_84_5_30_4
5/30/2012,fukui,hillier_84_5_30_5
5/30/2012,fukui,hillier_84_5_30_99
9/18/2010,fukui,hillier_92_9_18_1
9/18/2010,fukui,hillier_92_9_18_2
9/18/2010,fukui,hillier_92_9_18_3
9/18/2010,fukui,hillier_92_9_18_4
9/18/2010,fukui,hillier_92_9_18_5
9/18/2010,fukui,hillier_92_9_18_6
6/26/2012,fukui,hillier_92_6_26_1
6/26/2012,fukui,hillier_92_6_26_2
6/26/2012,fukui,hillier_92_6_26_3
6/26/2012,fukui,hillier_92_6_26_4
6/26/2012,fukui,hillier_92_6_26_5
6/26/2012,fukui,hillier_92_6_26_99
9/18/2010,fukui,hillier_93_9_18_1
9/18/2010,fukui,hillier_93_9_18_2
9/18/2010,fukui,hillier_93_9_18_3
9/18/2010,fukui,hillier_93_9_18_4
9/18/2010,fukui,hillier_93_9_18_5
9/18/2010,fukui,hillier_93_9_18_6
6/26/2012,fukui,hillier_93_6_26_1
6/26/2012,fukui,hillier_93_6_26_2
6/26/2012,fukui,hillier_93_6_26_3
6/26/2012,fukui,hillier_93_6_26_4
6/26/2012,fukui,hillier_93_6_26_5
6/26/2012,fukui,hillier_93_6_26_99
9/18/2010,fukui,hillier_94_9_18_1
9/18/2010,fukui,hillier_94_9_18_2
9/18/2010,fukui,hillier_94_9_18_3
9/18/2010,fukui,hillier_94_9_18_4
9/18/2010,fukui,hillier_94_9_18_5
9/18/2010,fukui,hillier_94_9_18_6
6/26/2012,fukui,hillier_94_6_26_1
6/26/2012,fukui,hillier_94_6_26_2
6/26/2012,fukui,hillier_94_6_26_3
6/26/2012,fukui,hillier_94_6_26_4
6/26/2012,fukui,hillier_94_6_26_5
6/26/2012,fukui,hillier_94_6_26_99
9/19/2010,fukui,hillier_103_9_19_1
9/19/2010,fukui,hillier_103_9_19_2
9/19/2010,fukui,hillier_103_9_19_3
9/19/2010,fukui,hillier_103_9_19_4
9/19/2010,fukui,hillier_103_9_19_5
9/19/2010,fukui,hillier_103_9_19_6
6/15/2010,fukui,hillier_104_6_15_1
6/15/2010,fukui,hillier_104_6_15_2
6/15/2010,fukui,hillier_104_6_15_3
6/15/2010,fukui,hillier_104_6_15_4
6/15/2010,fukui,hillier_104_6_15_5
6/15/2010,fukui,hillier_104_6_15_6
9/19/2010,fukui,hillier_104_9_19_1
9/19/2010,fukui,hillier_104_9_19_2
9/19/2010,fukui,hillier_104_9_19_3
9/19/2010,fukui,hillier_104_9_19_4
9/19/2010,fukui,hillier_104_9_19_5
9/19/2010,fukui,hillier_104_9_19_6
9/19/2010,fukui,hillier_105_9_19_1
9/19/2010,fukui,hillier_105_9_19_2
9/19/2010,fukui,hillier_105_9_19_3
9/19/2010,fukui,hillier_105_9_19_4
9/19/2010,fukui,hillier_105_9_19_5
9/19/2010,fukui,hillier_105_9_19_6
7/25/2012,fukui,hillier_107_7_25_1
7/25/2012,fukui,hillier_107_7_25_2
7/25/2012,fukui,hillier_107_7_25_3
7/25/2012,fukui,hillier_107_7_25_4
7/25/2012,fukui,hillier_107_7_25_5
7/25/2012,fukui,hillier_107_7_25_99
7/25/2012,fukui,hillier_108_7_25_1
7/25/2012,fukui,hillier_108_7_25_2
7/25/2012,fukui,hillier_108_7_25_3
7/25/2012,fukui,hillier_108_7_25_4
7/25/2012,fukui,hillier_108_7_25_5
7/25/2012,fukui,hillier_108_7_25_99
7/25/2012,fukui,hillier_109_7_25_1
7/25/2012,fukui,hillier_109_7_25_2
7/25/2012,fukui,hillier_109_7_25_3
7/25/2012,fukui,hillier_109_7_25_4
7/25/2012,fukui,hillier_109_7_25_5
7/25/2012,fukui,hillier_109_7_25_99
8/22/2012,fukui,hillier_117_8_22_1
8/22/2012,fukui,hillier_117_8_22_2
8/22/2012,fukui,hillier_117_8_22_3
8/22/2012,fukui,hillier_117_8_22_4
8/22/2012,fukui,hillier_117_8_22_5
8/22/2012,fukui,hillier_117_8_22_99
8/22/2012,fukui,hillier_118_8_22_1
8/22/2012,fukui,hillier_118_8_22_2
8/22/2012,fukui,hillier_118_8_22_3
8/22/2012,fukui,hillier_118_8_22_4
8/22/2012,fukui,hillier_118_8_22_5
8/22/2012,fukui,hillier_118_8_22_99
8/22/2012,fukui,hillier_119_8_22_1
8/22/2012,fukui,hillier_119_8_22_2
8/22/2012,fukui,hillier_119_8_22_3
8/22/2012,fukui,hillier_119_8_22_4
8/22/2012,fukui,hillier_119_8_22_5
8/22/2012,fukui,hillier_119_8_22_99
4/20/2007,fukui,hillier_127_4_20_1
4/20/2007,fukui,hillier_127_4_20_2
4/20/2007,fukui,hillier_127_4_20_3
4/20/2007,fukui,hillier_127_4_20_4
4/20/2007,fukui,hillier_127_4_20_5
4/20/2007,fukui,hillier_127_4_20_6
9/19/2012,fukui,hillier_127_9_19_1
9/19/2012,fukui,hillier_127_9_19_2
9/19/2012,fukui,hillier_127_9_19_3
9/19/2012,fukui,hillier_127_9_19_4
9/19/2012,fukui,hillier_127_9_19_5
9/19/2012,fukui,hillier_127_9_19_99
9/19/2012,fukui,hillier_128_9_19_1
9/19/2012,fukui,hillier_128_9_19_2
9/19/2012,fukui,hillier_128_9_19_3
9/19/2012,fukui,hillier_128_9_19_4
9/19/2012,fukui,hillier_128_9_19_5
9/19/2012,fukui,hillier_128_9_19_99
9/19/2012,fukui,hillier_129_9_19_1
9/19/2012,fukui,hillier_129_9_19_2
9/19/2012,fukui,hillier_129_9_19_3
9/19/2012,fukui,hillier_129_9_19_4
9/19/2012,fukui,hillier_129_9_19_5
9/19/2012,fukui,hillier_129_9_19_99
10/17/2012,fukui,hillier_137_10_17_1
10/17/2012,fukui,hillier_137_10_17_2
10/17/2012,fukui,hillier_137_10_17_3
10/17/2012,fukui,hillier_137_10_17_4
10/17/2012,fukui,hillier_137_10_17_5
10/17/2012,fukui,hillier_137_10_17_99
10/17/2012,fukui,hillier_138_10_17_1
10/17/2012,fukui,hillier_138_10_17_2
10/17/2012,fukui,hillier_138_10_17_3
10/17/2012,fukui,hillier_138_10_17_4
10/17/2012,fukui,hillier_138_10_17_5
10/17/2012,fukui,hillier_138_10_17_99
10/17/2012,fukui,hillier_139_10_17_1
10/17/2012,fukui,hillier_139_10_17_2
10/17/2012,fukui,hillier_139_10_17_3
10/17/2012,fukui,hillier_139_10_17_4
10/17/2012,fukui,hillier_139_10_17_99
11/15/2012,fukui,hillier_147_11_15_1
11/15/2012,fukui,hillier_147_11_15_2
11/15/2012,fukui,hillier_147_11_15_3
11/15/2012,fukui,hillier_147_11_15_4
11/15/2012,fukui,hillier_147_11_15_5
11/15/2012,fukui,hillier_147_11_15_99
11/15/2012,fukui,hillier_148_11_15_1
11/15/2012,fukui,hillier_148_11_15_2
11/15/2012,fukui,hillier_148_11_15_3
11/15/2012,fukui,hillier_148_11_15_4
11/15/2012,fukui,hillier_148_11_15_5
11/15/2012,fukui,hillier_148_11_15_99
11/15/2012,fukui,hillier_149_11_15_1
11/15/2012,fukui,hillier_149_11_15_2
11/15/2012,fukui,hillier_149_11_15_3
11/15/2012,fukui,hillier_149_11_15_4
11/15/2012,fukui,hillier_149_11_15_5
11/15/2012,fukui,hillier_149_11_15_99