"","TrapID","Year","Date","trap_type","WidthSpine"
"1","canoe_27_10_13_1",2011,2011-10-13,"Fukui",65
"2","canoe_27_10_13_1",2011,2011-10-13,"Fukui",63
"3","canoe_27_10_13_1",2011,2011-10-13,"Fukui",65
"4","canoe_27_10_13_1",2011,2011-10-13,"Fukui",68
"5","canoe_27_10_13_1",2011,2011-10-13,"Fukui",63
"6","canoe_27_10_13_1",2011,2011-10-13,"Fukui",62
"7","canoe_27_10_13_1",2011,2011-10-13,"Fukui",79
"8","canoe_27_10_13_1",2011,2011-10-13,"Fukui",63
"9","canoe_27_10_13_1",2011,2011-10-13,"Fukui",70
"10","canoe_27_10_13_1",2011,2011-10-13,"Fukui",72
"11","canoe_27_10_13_1",2011,2011-10-13,"Fukui",68
"12","canoe_27_10_13_1",2011,2011-10-13,"Fukui",60
"13","canoe_27_10_13_1",2011,2011-10-13,"Fukui",71
"14","canoe_27_10_13_1",2011,2011-10-13,"Fukui",66
"15","canoe_27_10_13_1",2011,2011-10-13,"Fukui",58
"16","canoe_27_10_13_1",2011,2011-10-13,"Fukui",57
"17","canoe_27_10_13_1",2011,2011-10-13,"Fukui",59
"18","canoe_27_10_13_1",2011,2011-10-13,"Fukui",72
"19","canoe_27_10_13_1",2011,2011-10-13,"Fukui",71
"20","canoe_27_10_13_1",2011,2011-10-13,"Fukui",52
"21","canoe_27_10_13_1",2011,2011-10-13,"Fukui",59
"22","canoe_27_10_13_1",2011,2011-10-13,"Fukui",69
"23","canoe_27_10_13_1",2011,2011-10-13,"Fukui",59
"24","canoe_27_10_13_1",2011,2011-10-13,"Fukui",61
"25","canoe_27_10_13_1",2011,2011-10-13,"Fukui",65
"26","canoe_27_10_13_1",2011,2011-10-13,"Fukui",75
"27","canoe_27_10_13_1",2011,2011-10-13,"Fukui",70
"28","canoe_27_10_13_1",2011,2011-10-13,"Fukui",63
"29","canoe_27_10_13_1",2011,2011-10-13,"Fukui",76
"30","canoe_27_10_13_1",2011,2011-10-13,"Fukui",62
"31","canoe_27_10_13_1",2011,2011-10-13,"Fukui",62
"32","canoe_27_10_13_1",2011,2011-10-13,"Fukui",58
"33","canoe_27_10_13_1",2011,2011-10-13,"Fukui",54
"34","canoe_27_10_13_1",2011,2011-10-13,"Fukui",59
"35","canoe_27_10_13_1",2011,2011-10-13,"Fukui",57
"36","canoe_27_10_13_1",2011,2011-10-13,"Fukui",50
"37","canoe_27_10_13_1",2011,2011-10-13,"Fukui",46
"38","canoe_27_10_13_1",2011,2011-10-13,"Fukui",45
"39","canoe_27_10_13_1",2011,2011-10-13,"Fukui",54
"40","canoe_27_10_13_1",2011,2011-10-13,"Fukui",55
"41","canoe_27_10_13_1",2011,2011-10-13,"Fukui",46
"42","canoe_27_10_13_1",2011,2011-10-13,"Fukui",48
"43","canoe_27_10_13_1",2011,2011-10-13,"Fukui",53
"44","canoe_27_10_13_1",2011,2011-10-13,"Fukui",65
"45","canoe_27_10_13_1",2011,2011-10-13,"Fukui",48
"46","canoe_27_10_13_1",2011,2011-10-13,"Fukui",44
"47","canoe_27_10_13_1",2011,2011-10-13,"Fukui",54
"48","canoe_27_10_13_2",2011,2011-10-13,"Fukui",88
"49","canoe_27_10_13_2",2011,2011-10-13,"Fukui",62
"50","canoe_27_10_13_2",2011,2011-10-13,"Fukui",67
"51","canoe_27_10_13_2",2011,2011-10-13,"Fukui",62
"52","canoe_27_10_13_2",2011,2011-10-13,"Fukui",70
"53","canoe_27_10_13_2",2011,2011-10-13,"Fukui",65
"54","canoe_27_10_13_2",2011,2011-10-13,"Fukui",66
"55","canoe_27_10_13_2",2011,2011-10-13,"Fukui",60
"56","canoe_27_10_13_2",2011,2011-10-13,"Fukui",63
"57","canoe_27_10_13_2",2011,2011-10-13,"Fukui",61
"58","canoe_27_10_13_2",2011,2011-10-13,"Fukui",66
"59","canoe_27_10_13_2",2011,2011-10-13,"Fukui",56
"60","canoe_27_10_13_2",2011,2011-10-13,"Fukui",60
"61","canoe_27_10_13_2",2011,2011-10-13,"Fukui",57
"62","canoe_27_10_13_2",2011,2011-10-13,"Fukui",51
"63","canoe_27_10_13_2",2011,2011-10-13,"Fukui",46
"64","canoe_27_10_13_2",2011,2011-10-13,"Fukui",52
"65","canoe_27_10_13_2",2011,2011-10-13,"Fukui",54
"66","canoe_27_10_13_2",2011,2011-10-13,"Fukui",53
"67","canoe_27_10_13_2",2011,2011-10-13,"Fukui",58
"68","canoe_27_10_13_2",2011,2011-10-13,"Fukui",60
"69","canoe_27_10_13_2",2011,2011-10-13,"Fukui",55
"70","canoe_27_10_13_2",2011,2011-10-13,"Fukui",55
"71","canoe_27_10_13_2",2011,2011-10-13,"Fukui",51
"72","canoe_27_10_13_2",2011,2011-10-13,"Fukui",59
"73","canoe_27_10_13_3",2011,2011-10-13,"Fukui",65
"74","canoe_27_10_13_3",2011,2011-10-13,"Fukui",62
"75","canoe_27_10_13_3",2011,2011-10-13,"Fukui",66
"76","canoe_27_10_13_3",2011,2011-10-13,"Fukui",64
"77","canoe_27_10_13_3",2011,2011-10-13,"Fukui",54
"78","canoe_27_10_13_3",2011,2011-10-13,"Fukui",56
"79","canoe_27_10_13_3",2011,2011-10-13,"Fukui",62
"80","canoe_27_10_13_3",2011,2011-10-13,"Fukui",54
"81","canoe_27_10_13_3",2011,2011-10-13,"Fukui",63
"82","canoe_27_10_13_3",2011,2011-10-13,"Fukui",48
"83","canoe_27_10_13_3",2011,2011-10-13,"Fukui",57
"84","canoe_27_10_13_3",2011,2011-10-13,"Fukui",53
"85","canoe_27_10_13_4",2011,2011-10-13,"Fukui",65
"86","canoe_27_10_13_4",2011,2011-10-13,"Fukui",55
"87","canoe_27_10_13_4",2011,2011-10-13,"Fukui",73
"88","canoe_27_10_13_4",2011,2011-10-13,"Fukui",69
"89","canoe_27_10_13_4",2011,2011-10-13,"Fukui",67
"90","canoe_27_10_13_4",2011,2011-10-13,"Fukui",56
"91","canoe_27_10_13_4",2011,2011-10-13,"Fukui",72
"92","canoe_27_10_13_4",2011,2011-10-13,"Fukui",66
"93","canoe_27_10_13_4",2011,2011-10-13,"Fukui",46
"94","canoe_27_10_13_4",2011,2011-10-13,"Fukui",57
"95","canoe_27_10_13_4",2011,2011-10-13,"Fukui",56
"96","canoe_27_10_13_5",2011,2011-10-13,"Fukui",66
"97","canoe_27_10_13_5",2011,2011-10-13,"Fukui",61
"98","canoe_27_10_13_5",2011,2011-10-13,"Fukui",70
"99","canoe_27_10_13_5",2011,2011-10-13,"Fukui",55
"100","canoe_27_10_13_5",2011,2011-10-13,"Fukui",55
"101","canoe_27_10_13_5",2011,2011-10-13,"Fukui",49
"102","canoe_2_7_5_1",2011,2011-07-05,"Fukui",62
"103","canoe_2_7_5_1",2011,2011-07-05,"Fukui",66
"104","canoe_2_7_5_1",2011,2011-07-05,"Fukui",64
"105","canoe_2_7_5_1",2011,2011-07-05,"Fukui",54
"106","canoe_2_7_5_1",2011,2011-07-05,"Fukui",62
"107","canoe_2_7_5_1",2011,2011-07-05,"Fukui",61
"108","canoe_2_7_5_1",2011,2011-07-05,"Fukui",58
"109","canoe_2_7_5_1",2011,2011-07-05,"Fukui",57
"110","canoe_2_7_5_1",2011,2011-07-05,"Fukui",50
"111","canoe_2_7_5_1",2011,2011-07-05,"Fukui",53
"112","canoe_2_7_5_1",2011,2011-07-05,"Fukui",45
"113","canoe_2_7_5_2",2011,2011-07-05,"Fukui",60
"114","canoe_2_7_5_2",2011,2011-07-05,"Fukui",66
"115","canoe_2_7_5_2",2011,2011-07-05,"Fukui",59
"116","canoe_2_7_5_2",2011,2011-07-05,"Fukui",64
"117","canoe_2_7_5_2",2011,2011-07-05,"Fukui",66
"118","canoe_2_7_5_2",2011,2011-07-05,"Fukui",54
"119","canoe_2_7_5_2",2011,2011-07-05,"Fukui",54
"120","canoe_2_7_5_2",2011,2011-07-05,"Fukui",58
"121","canoe_2_7_5_2",2011,2011-07-05,"Fukui",60
"122","canoe_2_7_5_2",2011,2011-07-05,"Fukui",46
"123","canoe_2_7_5_2",2011,2011-07-05,"Fukui",52
"124","canoe_2_7_5_2",2011,2011-07-05,"Fukui",57
"125","canoe_2_7_5_2",2011,2011-07-05,"Fukui",59
"126","canoe_2_7_5_2",2011,2011-07-05,"Fukui",53
"127","canoe_2_7_5_2",2011,2011-07-05,"Fukui",46
"128","canoe_2_7_5_2",2011,2011-07-05,"Fukui",37
"129","canoe_2_7_5_3",2011,2011-07-05,"Fukui",69
"130","canoe_2_7_5_3",2011,2011-07-05,"Fukui",63
"131","canoe_2_7_5_3",2011,2011-07-05,"Fukui",61
"132","canoe_2_7_5_3",2011,2011-07-05,"Fukui",62
"133","canoe_2_7_5_3",2011,2011-07-05,"Fukui",59
"134","canoe_2_7_5_3",2011,2011-07-05,"Fukui",46
"135","canoe_2_7_5_5",2011,2011-07-05,"Fukui",55
"136","canoe_2_7_5_99",2011,2011-07-05,"Fukui",67
"137","canoe_2_7_5_99",2011,2011-07-05,"Fukui",63
"138","canoe_2_7_5_99",2011,2011-07-05,"Fukui",57
"139","canoe_2_7_5_99",2011,2011-07-05,"Fukui",50
"140","canoe_2_7_5_99",2011,2011-07-05,"Fukui",56
"141","canoe_2_7_5_99",2011,2011-07-05,"Fukui",48
"142","canoe_2_7_5_99",2011,2011-07-05,"Fukui",44
"143","canoe_2_7_5_99",2011,2011-07-05,"Fukui",58
"144","canoe_3_7_5_2",2011,2011-07-05,"Fukui",52
"145","canoe_3_7_5_2",2011,2011-07-05,"Fukui",59
"146","canoe_3_7_5_2",2011,2011-07-05,"Fukui",48
"147","canoe_3_7_5_2",2011,2011-07-05,"Fukui",46
"148","canoe_3_7_5_2",2011,2011-07-05,"Fukui",44
"149","canoe_3_7_5_3",2011,2011-07-05,"Fukui",61
"150","canoe_3_7_5_3",2011,2011-07-05,"Fukui",66
"151","canoe_3_7_5_5",2011,2011-07-05,"Fukui",84
"152","canoe_3_7_5_5",2011,2011-07-05,"Fukui",55
"153","canoe_3_7_5_5",2011,2011-07-05,"Fukui",49
"154","canoe_3_7_5_99",2011,2011-07-05,"Fukui",54
"155","canoe_4_7_5_1",2011,2011-07-05,"Fukui",59
"156","canoe_4_7_5_1",2011,2011-07-05,"Fukui",48
"157","canoe_4_7_5_1",2011,2011-07-05,"Fukui",49
"158","canoe_4_7_5_1",2011,2011-07-05,"Fukui",55
"159","canoe_4_7_5_1",2011,2011-07-05,"Fukui",45
"160","canoe_4_7_5_1",2011,2011-07-05,"Fukui",55
"161","canoe_4_7_5_1",2011,2011-07-05,"Fukui",48
"162","canoe_4_7_5_1",2011,2011-07-05,"Fukui",50
"163","canoe_4_7_5_1",2011,2011-07-05,"Fukui",50
"164","canoe_4_7_5_1",2011,2011-07-05,"Fukui",50
"165","canoe_4_7_5_1",2011,2011-07-05,"Fukui",46
"166","canoe_4_7_5_1",2011,2011-07-05,"Fukui",47
"167","canoe_4_7_5_2",2011,2011-07-05,"Fukui",65
"168","canoe_4_7_5_2",2011,2011-07-05,"Fukui",60
"169","canoe_4_7_5_2",2011,2011-07-05,"Fukui",53
"170","canoe_4_7_5_2",2011,2011-07-05,"Fukui",60
"171","canoe_4_7_5_2",2011,2011-07-05,"Fukui",51
"172","canoe_4_7_5_2",2011,2011-07-05,"Fukui",44
"173","canoe_4_7_5_2",2011,2011-07-05,"Fukui",37
"174","canoe_4_7_5_3",2011,2011-07-05,"Fukui",51
"175","canoe_4_7_5_3",2011,2011-07-05,"Fukui",49
"176","canoe_4_7_5_4",2011,2011-07-05,"Fukui",44
"177","canoe_4_7_5_4",2011,2011-07-05,"Fukui",53
"178","canoe_4_7_5_5",2011,2011-07-05,"Fukui",83
"179","canoe_4_7_5_5",2011,2011-07-05,"Fukui",63
"180","canoe_4_7_5_5",2011,2011-07-05,"Fukui",56
"181","canoe_4_7_5_5",2011,2011-07-05,"Fukui",54
"182","canoe_4_7_5_5",2011,2011-07-05,"Fukui",55
"183","canoe_4_7_5_5",2011,2011-07-05,"Fukui",57
"184","canoe_4_7_5_5",2011,2011-07-05,"Fukui",53
"185","canoe_4_7_5_5",2011,2011-07-05,"Fukui",43
"186","canoe_4_7_5_5",2011,2011-07-05,"Fukui",41
"187","canoe_4_7_5_99",2011,2011-07-05,"Fukui",52
"188","canoe_4_7_5_99",2011,2011-07-05,"Fukui",52
"189","canoe_4_7_5_99",2011,2011-07-05,"Fukui",51
"190","canoe_4_7_5_99",2011,2011-07-05,"Fukui",43
"191","canoe_9_7_21_99",2011,2011-07-21,"Fukui",81
"192","canoe_9_7_21_5",2011,2011-07-21,"Fukui",55
"193","canoe_9_7_21_5",2011,2011-07-21,"Fukui",54
"194","canoe_9_7_21_5",2011,2011-07-21,"Fukui",47
"195","canoe_9_7_21_3",2011,2011-07-21,"Fukui",80
"196","canoe_9_7_21_3",2011,2011-07-21,"Fukui",56
"197","canoe_9_7_21_3",2011,2011-07-21,"Fukui",58
"198","canoe_9_7_21_3",2011,2011-07-21,"Fukui",56
"199","canoe_9_7_21_2",2011,2011-07-21,"Fukui",50
"200","canoe_9_7_21_2",2011,2011-07-21,"Fukui",46
"201","canoe_9_7_21_2",2011,2011-07-21,"Fukui",53
"202","canoe_9_7_21_1",2011,2011-07-21,"Fukui",53
"203","canoe_9_7_21_1",2011,2011-07-21,"Fukui",53
"204","canoe_9_7_21_1",2011,2011-07-21,"Fukui",56
"205","canoe_10_7_21_99",2011,2011-07-21,"Fukui",53
"206","canoe_10_7_21_5",2011,2011-07-21,"Fukui",54
"207","canoe_10_7_21_4",2011,2011-07-21,"Fukui",54
"208","canoe_10_7_21_4",2011,2011-07-21,"Fukui",51
"209","canoe_10_7_21_4",2011,2011-07-21,"Fukui",55
"210","canoe_10_7_21_3",2011,2011-07-21,"Fukui",58
"211","canoe_10_7_21_3",2011,2011-07-21,"Fukui",44
"212","canoe_10_7_21_3",2011,2011-07-21,"Fukui",52
"213","canoe_10_7_21_3",2011,2011-07-21,"Fukui",48
"214","canoe_10_7_21_3",2011,2011-07-21,"Fukui",52
"215","canoe_10_7_21_3",2011,2011-07-21,"Fukui",52
"216","canoe_10_7_21_3",2011,2011-07-21,"Fukui",47
"217","canoe_10_7_21_3",2011,2011-07-21,"Fukui",46
"218","canoe_10_7_21_3",2011,2011-07-21,"Fukui",54
"219","canoe_10_7_21_3",2011,2011-07-21,"Fukui",55
"220","canoe_10_7_21_3",2011,2011-07-21,"Fukui",51
"221","canoe_10_7_21_3",2011,2011-07-21,"Fukui",54
"222","canoe_10_7_21_3",2011,2011-07-21,"Fukui",40
"223","canoe_10_7_21_3",2011,2011-07-21,"Fukui",54
"224","canoe_10_7_21_3",2011,2011-07-21,"Fukui",56
"225","canoe_10_7_21_3",2011,2011-07-21,"Fukui",47
"226","canoe_10_7_21_3",2011,2011-07-21,"Fukui",59
"227","canoe_10_7_21_3",2011,2011-07-21,"Fukui",62
"228","canoe_10_7_21_3",2011,2011-07-21,"Fukui",66
"229","canoe_10_7_21_3",2011,2011-07-21,"Fukui",58
"230","canoe_10_7_21_3",2011,2011-07-21,"Fukui",49
"231","canoe_10_7_21_3",2011,2011-07-21,"Fukui",54
"232","canoe_10_7_21_3",2011,2011-07-21,"Fukui",54
"233","canoe_10_7_21_2",2011,2011-07-21,"Fukui",57
"234","canoe_10_7_21_1",2011,2011-07-21,"Fukui",40
"235","canoe_10_7_21_1",2011,2011-07-21,"Fukui",48
"236","canoe_10_7_21_1",2011,2011-07-21,"Fukui",53
"237","canoe_10_7_21_1",2011,2011-07-21,"Fukui",52
"238","canoe_10_7_21_1",2011,2011-07-21,"Fukui",59
"239","canoe_39_11_9_1",2011,2011-11-09,"Fukui",66
"240","canoe_39_11_9_1",2011,2011-11-09,"Fukui",64
"241","canoe_39_11_9_1",2011,2011-11-09,"Fukui",65
"242","canoe_39_11_9_1",2011,2011-11-09,"Fukui",65
"243","canoe_39_11_9_1",2011,2011-11-09,"Fukui",66
"244","canoe_39_11_9_1",2011,2011-11-09,"Fukui",55
"245","canoe_39_11_9_1",2011,2011-11-09,"Fukui",50
"246","canoe_39_11_9_1",2011,2011-11-09,"Fukui",61
"247","canoe_39_11_9_1",2011,2011-11-09,"Fukui",60
"248","canoe_39_11_9_2",2011,2011-11-09,"Fukui",74
"249","canoe_39_11_9_2",2011,2011-11-09,"Fukui",61
"250","canoe_39_11_9_2",2011,2011-11-09,"Fukui",54
"251","canoe_39_11_9_2",2011,2011-11-09,"Fukui",48
"252","canoe_39_11_9_2",2011,2011-11-09,"Fukui",57
"253","canoe_39_11_9_2",2011,2011-11-09,"Fukui",57
"254","canoe_39_11_9_2",2011,2011-11-09,"Fukui",52
"255","canoe_39_11_9_5",2011,2011-11-09,"Fukui",68
"256","canoe_39_11_9_5",2011,2011-11-09,"Fukui",56
"257","canoe_39_11_9_99",2011,2011-11-09,"Fukui",47
"258","canoe_16_8_17_99",2011,2011-08-17,"Fukui",78
"259","canoe_16_8_17_99",2011,2011-08-17,"Fukui",66
"260","canoe_16_8_17_99",2011,2011-08-17,"Fukui",49
"261","canoe_16_8_17_99",2011,2011-08-17,"Fukui",52
"262","canoe_16_8_17_99",2011,2011-08-17,"Fukui",61
"263","canoe_16_8_17_99",2011,2011-08-17,"Fukui",57
"264","canoe_16_8_17_5",2011,2011-08-17,"Fukui",84
"265","canoe_16_8_17_4",2011,2011-08-17,"Fukui",59
"266","canoe_16_8_17_4",2011,2011-08-17,"Fukui",68
"267","canoe_16_8_17_4",2011,2011-08-17,"Fukui",63
"268","canoe_16_8_17_4",2011,2011-08-17,"Fukui",59
"269","canoe_16_8_17_4",2011,2011-08-17,"Fukui",62
"270","canoe_16_8_17_4",2011,2011-08-17,"Fukui",61
"271","canoe_16_8_17_4",2011,2011-08-17,"Fukui",59
"272","canoe_16_8_17_4",2011,2011-08-17,"Fukui",58
"273","canoe_16_8_17_3",2011,2011-08-17,"Fukui",59
"274","canoe_16_8_17_3",2011,2011-08-17,"Fukui",55
"275","canoe_16_8_17_3",2011,2011-08-17,"Fukui",59
"276","canoe_16_8_17_3",2011,2011-08-17,"Fukui",54
"277","canoe_16_8_17_3",2011,2011-08-17,"Fukui",46
"278","canoe_16_8_17_3",2011,2011-08-17,"Fukui",49
"279","canoe_16_8_17_3",2011,2011-08-17,"Fukui",51
"280","canoe_16_8_17_3",2011,2011-08-17,"Fukui",66
"281","canoe_16_8_17_3",2011,2011-08-17,"Fukui",54
"282","canoe_16_8_17_3",2011,2011-08-17,"Fukui",52
"283","canoe_16_8_17_3",2011,2011-08-17,"Fukui",56
"284","canoe_16_8_17_3",2011,2011-08-17,"Fukui",60
"285","canoe_16_8_17_3",2011,2011-08-17,"Fukui",51
"286","canoe_16_8_17_3",2011,2011-08-17,"Fukui",53
"287","canoe_16_8_17_3",2011,2011-08-17,"Fukui",45
"288","canoe_16_8_17_3",2011,2011-08-17,"Fukui",54
"289","canoe_16_8_17_3",2011,2011-08-17,"Fukui",52
"290","canoe_16_8_17_3",2011,2011-08-17,"Fukui",54
"291","canoe_16_8_17_3",2011,2011-08-17,"Fukui",55
"292","canoe_16_8_17_1",2011,2011-08-17,"Fukui",56
"293","canoe_16_8_17_1",2011,2011-08-17,"Fukui",55
"294","canoe_16_8_17_1",2011,2011-08-17,"Fukui",57
"295","canoe_16_8_17_1",2011,2011-08-17,"Fukui",56
"296","canoe_16_8_17_1",2011,2011-08-17,"Fukui",64
"297","canoe_16_8_17_1",2011,2011-08-17,"Fukui",52
"298","canoe_16_8_17_1",2011,2011-08-17,"Fukui",55
"299","canoe_16_8_17_1",2011,2011-08-17,"Fukui",53
"300","canoe_16_8_17_1",2011,2011-08-17,"Fukui",57
"301","canoe_17_8_17_99",2011,2011-08-17,"Fukui",66
"302","canoe_17_8_17_99",2011,2011-08-17,"Fukui",61
"303","canoe_17_8_17_99",2011,2011-08-17,"Fukui",64
"304","canoe_17_8_17_99",2011,2011-08-17,"Fukui",57
"305","canoe_17_8_17_99",2011,2011-08-17,"Fukui",66
"306","canoe_17_8_17_99",2011,2011-08-17,"Fukui",55
"307","canoe_17_8_17_99",2011,2011-08-17,"Fukui",59
"308","canoe_17_8_17_99",2011,2011-08-17,"Fukui",56
"309","canoe_17_8_17_99",2011,2011-08-17,"Fukui",55
"310","canoe_17_8_17_99",2011,2011-08-17,"Fukui",56
"311","canoe_17_8_17_99",2011,2011-08-17,"Fukui",55
"312","canoe_17_8_17_99",2011,2011-08-17,"Fukui",66
"313","canoe_17_8_17_99",2011,2011-08-17,"Fukui",46
"314","canoe_17_8_17_99",2011,2011-08-17,"Fukui",51
"315","canoe_17_8_17_99",2011,2011-08-17,"Fukui",59
"316","canoe_17_8_17_99",2011,2011-08-17,"Fukui",63
"317","canoe_17_8_17_99",2011,2011-08-17,"Fukui",64
"318","canoe_17_8_17_99",2011,2011-08-17,"Fukui",59
"319","canoe_17_8_17_99",2011,2011-08-17,"Fukui",56
"320","canoe_17_8_17_99",2011,2011-08-17,"Fukui",61
"321","canoe_17_8_17_99",2011,2011-08-17,"Fukui",54
"322","canoe_17_8_17_99",2011,2011-08-17,"Fukui",55
"323","canoe_17_8_17_5",2011,2011-08-17,"Fukui",76
"324","canoe_17_8_17_5",2011,2011-08-17,"Fukui",56
"325","canoe_17_8_17_5",2011,2011-08-17,"Fukui",63
"326","canoe_17_8_17_5",2011,2011-08-17,"Fukui",60
"327","canoe_17_8_17_5",2011,2011-08-17,"Fukui",54
"328","canoe_17_8_17_5",2011,2011-08-17,"Fukui",57
"329","canoe_17_8_17_5",2011,2011-08-17,"Fukui",66
"330","canoe_17_8_17_5",2011,2011-08-17,"Fukui",59
"331","canoe_17_8_17_5",2011,2011-08-17,"Fukui",60
"332","canoe_17_8_17_5",2011,2011-08-17,"Fukui",64
"333","canoe_17_8_17_5",2011,2011-08-17,"Fukui",74
"334","canoe_17_8_17_5",2011,2011-08-17,"Fukui",71
"335","canoe_17_8_17_5",2011,2011-08-17,"Fukui",57
"336","canoe_17_8_17_5",2011,2011-08-17,"Fukui",58
"337","canoe_17_8_17_5",2011,2011-08-17,"Fukui",67
"338","canoe_17_8_17_5",2011,2011-08-17,"Fukui",64
"339","canoe_17_8_17_4",2011,2011-08-17,"Fukui",69
"340","canoe_17_8_17_4",2011,2011-08-17,"Fukui",59
"341","canoe_17_8_17_3",2011,2011-08-17,"Fukui",52
"342","canoe_17_8_17_3",2011,2011-08-17,"Fukui",51
"343","canoe_17_8_17_3",2011,2011-08-17,"Fukui",55
"344","canoe_17_8_17_3",2011,2011-08-17,"Fukui",52
"345","canoe_17_8_17_3",2011,2011-08-17,"Fukui",63
"346","canoe_17_8_17_3",2011,2011-08-17,"Fukui",53
"347","canoe_17_8_17_3",2011,2011-08-17,"Fukui",60
"348","canoe_17_8_17_3",2011,2011-08-17,"Fukui",65
"349","canoe_17_8_17_3",2011,2011-08-17,"Fukui",58
"350","canoe_17_8_17_3",2011,2011-08-17,"Fukui",56
"351","canoe_17_8_17_3",2011,2011-08-17,"Fukui",55
"352","canoe_17_8_17_3",2011,2011-08-17,"Fukui",52
"353","canoe_17_8_17_3",2011,2011-08-17,"Fukui",44
"354","canoe_17_8_17_2",2011,2011-08-17,"Fukui",61
"355","canoe_17_8_17_1",2011,2011-08-17,"Fukui",64
"356","canoe_17_8_17_1",2011,2011-08-17,"Fukui",64
"357","canoe_17_8_17_1",2011,2011-08-17,"Fukui",60
"358","canoe_17_8_17_1",2011,2011-08-17,"Fukui",45
"359","canoe_17_8_17_1",2011,2011-08-17,"Fukui",54
"360","canoe_17_8_17_1",2011,2011-08-17,"Fukui",44
"361","canoe_17_8_17_1",2011,2011-08-17,"Fukui",51
"362","canoe_20_9_15_1",2011,2011-09-15,"Fukui",45
"363","canoe_20_9_15_1",2011,2011-09-15,"Fukui",46
"364","canoe_20_9_15_1",2011,2011-09-15,"Fukui",50
"365","canoe_20_9_15_1",2011,2011-09-15,"Fukui",54
"366","canoe_20_9_15_1",2011,2011-09-15,"Fukui",61
"367","canoe_20_9_15_1",2011,2011-09-15,"Fukui",53
"368","canoe_20_9_15_1",2011,2011-09-15,"Fukui",60
"369","canoe_20_9_15_1",2011,2011-09-15,"Fukui",47
"370","canoe_20_9_15_1",2011,2011-09-15,"Fukui",58
"371","canoe_20_9_15_1",2011,2011-09-15,"Fukui",48
"372","canoe_20_9_15_1",2011,2011-09-15,"Fukui",53
"373","canoe_20_9_15_1",2011,2011-09-15,"Fukui",56
"374","canoe_20_9_15_1",2011,2011-09-15,"Fukui",58
"375","canoe_20_9_15_1",2011,2011-09-15,"Fukui",62
"376","canoe_20_9_15_1",2011,2011-09-15,"Fukui",64
"377","canoe_20_9_15_1",2011,2011-09-15,"Fukui",70
"378","canoe_20_9_15_1",2011,2011-09-15,"Fukui",57
"379","canoe_20_9_15_1",2011,2011-09-15,"Fukui",55
"380","canoe_20_9_15_3",2011,2011-09-15,"Fukui",55
"381","canoe_20_9_15_3",2011,2011-09-15,"Fukui",57
"382","canoe_20_9_15_3",2011,2011-09-15,"Fukui",57
"383","canoe_20_9_15_4",2011,2011-09-15,"Fukui",57
"384","canoe_20_9_15_5",2011,2011-09-15,"Fukui",88
"385","canoe_20_9_15_99",2011,2011-09-15,"Fukui",73
"386","canoe_20_9_15_99",2011,2011-09-15,"Fukui",52
"387","canoe_20_9_15_99",2011,2011-09-15,"Fukui",59
"388","canoe_20_9_15_99",2011,2011-09-15,"Fukui",51
"389","canoe_21_9_15_1",2011,2011-09-15,"Fukui",51
"390","canoe_21_9_15_1",2011,2011-09-15,"Fukui",49
"391","canoe_21_9_15_1",2011,2011-09-15,"Fukui",67
"392","canoe_21_9_15_4",2011,2011-09-15,"Fukui",49
"393","canoe_47_1_11_1",2012,2012-01-11,"Fukui",67
"394","canoe_47_1_11_2",2012,2012-01-11,"Fukui",72
"395","canoe_47_1_11_2",2012,2012-01-11,"Fukui",70
"396","canoe_47_1_11_3",2012,2012-01-11,"Fukui",73
"397","canoe_47_1_11_4",2012,2012-01-11,"Fukui",76
"398","canoe_47_1_11_5",2012,2012-01-11,"Fukui",75
"399","canoe_47_1_11_5",2012,2012-01-11,"Fukui",66
"400","canoe_47_1_11_5",2012,2012-01-11,"Fukui",77
"401","canoe_47_1_11_5",2012,2012-01-11,"Fukui",63
"402","canoe_47_1_11_5",2012,2012-01-11,"Fukui",78
"403","canoe_47_1_11_99",2012,2012-01-11,"Fukui",68
"404","canoe_47_1_11_99",2012,2012-01-11,"Fukui",70
"405","canoe_47_1_11_99",2012,2012-01-11,"Fukui",70
"406","canoe_47_1_11_99",2012,2012-01-11,"Fukui",43
"407","canoe_47_1_11_99",2012,2012-01-11,"Fukui",71
"408","canoe_47_1_11_99",2012,2012-01-11,"Fukui",60
"409","canoe_49_1_11_1",2012,2012-01-11,"Fukui",67
"410","canoe_49_1_11_2",2012,2012-01-11,"Fukui",68
"411","canoe_49_1_11_2",2012,2012-01-11,"Fukui",61
"412","canoe_49_1_11_3",2012,2012-01-11,"Fukui",71
"413","canoe_49_1_11_3",2012,2012-01-11,"Fukui",70
"414","canoe_49_1_11_3",2012,2012-01-11,"Fukui",63
"415","canoe_49_1_11_3",2012,2012-01-11,"Fukui",67
"416","canoe_49_1_11_3",2012,2012-01-11,"Fukui",70
"417","canoe_49_1_11_4",2012,2012-01-11,"Fukui",58
"418","canoe_49_1_11_4",2012,2012-01-11,"Fukui",58
"419","canoe_49_1_11_4",2012,2012-01-11,"Fukui",69
"420","canoe_49_1_11_4",2012,2012-01-11,"Fukui",58
"421","canoe_49_1_11_4",2012,2012-01-11,"Fukui",65
"422","canoe_49_1_11_4",2012,2012-01-11,"Fukui",60
"423","canoe_49_1_11_4",2012,2012-01-11,"Fukui",77
"424","canoe_49_1_11_4",2012,2012-01-11,"Fukui",68
"425","canoe_49_1_11_4",2012,2012-01-11,"Fukui",72
"426","canoe_49_1_11_4",2012,2012-01-11,"Fukui",74
"427","canoe_49_1_11_99",2012,2012-01-11,"Fukui",61
"428","canoe_49_1_11_99",2012,2012-01-11,"Fukui",51
"429","canoe_57_3_7_1",2012,2012-03-07,"Fukui",75
"430","canoe_57_3_7_2",2012,2012-03-07,"Fukui",59
"431","canoe_57_3_7_4",2012,2012-03-07,"Fukui",74
"432","canoe_58_3_7_5",2012,2012-03-07,"Fukui",65
"433","canoe_58_3_7_5",2012,2012-03-07,"Fukui",64
"434","canoe_58_3_7_5",2012,2012-03-07,"Fukui",66
"435","canoe_64_4_4_1",2012,2012-04-04,"Fukui",51
"436","canoe_64_4_4_1",2012,2012-04-04,"Fukui",59
"437","canoe_64_4_4_1",2012,2012-04-04,"Fukui",59
"438","canoe_64_4_4_3",2012,2012-04-04,"Fukui",47
"439","canoe_64_4_4_3",2012,2012-04-04,"Fukui",78
"440","canoe_64_4_4_3",2012,2012-04-04,"Fukui",60
"441","canoe_64_4_4_4",2012,2012-04-04,"Fukui",60
"442","canoe_79_5_2_2",2012,2012-05-02,"Fukui",58
"443","canoe_87_5_31_1",2012,2012-05-31,"Fukui",67
"444","canoe_87_5_31_1",2012,2012-05-31,"Fukui",66
"445","canoe_87_5_31_1",2012,2012-05-31,"Fukui",70
"446","canoe_87_5_31_1",2012,2012-05-31,"Fukui",78
"447","canoe_87_5_31_1",2012,2012-05-31,"Fukui",76
"448","canoe_87_5_31_3",2012,2012-05-31,"Fukui",71
"449","canoe_97_6_27_1",2012,2012-06-27,"Fukui",81
"450","canoe_97_6_27_1",2012,2012-06-27,"Fukui",74
"451","canoe_97_6_27_1",2012,2012-06-27,"Fukui",80
"452","canoe_97_6_27_1",2012,2012-06-27,"Fukui",84
"453","canoe_97_6_27_1",2012,2012-06-27,"Fukui",83
"454","canoe_97_6_27_1",2012,2012-06-27,"Fukui",85
"455","canoe_97_6_27_1",2012,2012-06-27,"Fukui",77
"456","canoe_97_6_27_1",2012,2012-06-27,"Fukui",72
"457","canoe_97_6_27_1",2012,2012-06-27,"Fukui",81
"458","canoe_97_6_27_1",2012,2012-06-27,"Fukui",70
"459","canoe_97_6_27_1",2012,2012-06-27,"Fukui",77
"460","canoe_97_6_27_1",2012,2012-06-27,"Fukui",73
"461","canoe_97_6_27_1",2012,2012-06-27,"Fukui",78
"462","canoe_97_6_27_1",2012,2012-06-27,"Fukui",74
"463","canoe_97_6_27_1",2012,2012-06-27,"Fukui",69
"464","canoe_97_6_27_1",2012,2012-06-27,"Fukui",75
"465","canoe_97_6_27_1",2012,2012-06-27,"Fukui",77
"466","canoe_97_6_27_1",2012,2012-06-27,"Fukui",71
"467","canoe_97_6_27_1",2012,2012-06-27,"Fukui",70
"468","canoe_97_6_27_1",2012,2012-06-27,"Fukui",76
"469","canoe_97_6_27_1",2012,2012-06-27,"Fukui",60
"470","canoe_97_6_27_1",2012,2012-06-27,"Fukui",71
"471","canoe_97_6_27_1",2012,2012-06-27,"Fukui",73
"472","canoe_97_6_27_1",2012,2012-06-27,"Fukui",74
"473","canoe_97_6_27_1",2012,2012-06-27,"Fukui",69
"474","canoe_97_6_27_2",2012,2012-06-27,"Fukui",79
"475","canoe_97_6_27_3",2012,2012-06-27,"Fukui",75
"476","canoe_97_6_27_5",2012,2012-06-27,"Fukui",83
"477","canoe_97_6_27_5",2012,2012-06-27,"Fukui",66
"478","canoe_102_7_24_2",2012,2012-07-24,"Fukui",75
"479","canoe_102_7_24_2",2012,2012-07-24,"Fukui",69
"480","canoe_102_7_24_2",2012,2012-07-24,"Fukui",79
"481","canoe_102_7_24_4",2012,2012-07-24,"Fukui",71
"482","canoe_102_7_24_4",2012,2012-07-24,"Fukui",77
"483","canoe_102_7_24_5",2012,2012-07-24,"Fukui",89
"484","canoe_112_8_21_1",2012,2012-08-21,"Fukui",70
"485","canoe_112_8_21_1",2012,2012-08-21,"Fukui",71
"486","canoe_112_8_21_4",2012,2012-08-21,"Fukui",66
"487","canoe_122_9_18_1",2012,2012-09-18,"Fukui",68
"488","canoe_122_9_18_1",2012,2012-09-18,"Fukui",66
"489","canoe_122_9_18_2",2012,2012-09-18,"Fukui",76
"490","canoe_122_9_18_2",2012,2012-09-18,"Fukui",75
"491","canoe_122_9_18_2",2012,2012-09-18,"Fukui",65
"492","canoe_122_9_18_5",2012,2012-09-18,"Fukui",73
"493","canoe_132_10_16_2",2012,2012-10-16,"Fukui",71
"494","canoe_132_10_16_2",2012,2012-10-16,"Fukui",53
"495","canoe_132_10_16_2",2012,2012-10-16,"Fukui",65
"496","canoe_132_10_16_2",2012,2012-10-16,"Fukui",69
"497","canoe_132_10_16_2",2012,2012-10-16,"Fukui",61
"498","canoe_132_10_16_2",2012,2012-10-16,"Fukui",65
"499","canoe_132_10_16_2",2012,2012-10-16,"Fukui",76
"500","canoe_132_10_16_2",2012,2012-10-16,"Fukui",63
"501","canoe_132_10_16_4",2012,2012-10-16,"Fukui",53
"502","canoe_132_10_16_5",2012,2012-10-16,"Fukui",56
"503","canoe_132_10_16_5",2012,2012-10-16,"Fukui",47
"504","canoe_132_10_16_99",2012,2012-10-16,"Fukui",72
"505","canoe_132_10_16_99",2012,2012-10-16,"Fukui",69
"506","canoe_132_10_16_99",2012,2012-10-16,"Fukui",64
"507","canoe_133_10_16_1",2012,2012-10-16,"Fukui",81
"508","canoe_133_10_16_3",2012,2012-10-16,"Fukui",68
"509","canoe_134_10_16_1",2012,2012-10-16,"Fukui",74
"510","canoe_134_10_16_1",2012,2012-10-16,"Fukui",57
"511","canoe_134_10_16_3",2012,2012-10-16,"Fukui",66
"512","canoe_134_10_16_3",2012,2012-10-16,"Fukui",51
"513","canoe_134_10_16_4",2012,2012-10-16,"Fukui",51
"514","canoe_134_10_16_5",2012,2012-10-16,"Fukui",55
"515","canoe_142_11_14_1",2012,2012-11-14,"Fukui",66
"516","canoe_144_11_14_1",2012,2012-11-14,"Fukui",65
"517","canoe_144_11_14_1",2012,2012-11-14,"Fukui",55
"518","canoe_144_11_14_1",2012,2012-11-14,"Fukui",70
"519","canoe_144_11_14_1",2012,2012-11-14,"Fukui",68
"520","canoe_144_11_14_1",2012,2012-11-14,"Fukui",58
"521","canoe_144_11_14_1",2012,2012-11-14,"Fukui",60
"522","canoe_144_11_14_1",2012,2012-11-14,"Fukui",51
"523","canoe_144_11_14_1",2012,2012-11-14,"Fukui",63
"524","canoe_144_11_14_1",2012,2012-11-14,"Fukui",48
"525","canoe_144_11_14_2",2012,2012-11-14,"Fukui",75
"526","canoe_144_11_14_2",2012,2012-11-14,"Fukui",71
"527","canoe_144_11_14_2",2012,2012-11-14,"Fukui",64
"528","canoe_144_11_14_2",2012,2012-11-14,"Fukui",59
"529","canoe_144_11_14_2",2012,2012-11-14,"Fukui",77
"530","canoe_144_11_14_2",2012,2012-11-14,"Fukui",81
"531","canoe_144_11_14_3",2012,2012-11-14,"Fukui",60
"532","canoe_144_11_14_4",2012,2012-11-14,"Fukui",66
"533","canoe_144_11_14_5",2012,2012-11-14,"Fukui",70
"534","canoe_144_11_14_2",2012,2012-11-14,"Fukui",64
"535","canoe_144_11_14_5",2012,2012-11-14,"Fukui",73
"536","canoe_144_11_14_5",2012,2012-11-14,"Fukui",61
"537","canoe_144_11_14_99",2012,2012-11-14,"Fukui",71
"538","canoe_144_11_14_99",2012,2012-11-14,"Fukui",68
"539","canoe_144_11_14_99",2012,2012-11-14,"Fukui",56
"540","canoe_144_11_14_99",2012,2012-11-14,"Fukui",73
"541","canoe_144_11_14_99",2012,2012-11-14,"Fukui",73
"542","canoe_144_11_14_99",2012,2012-11-14,"Fukui",84
"543","canoe_144_11_14_99",2012,2012-11-14,"Fukui",71
"544","canoe_144_11_14_99",2012,2012-11-14,"Fukui",64
"545","canoe_144_11_14_99",2012,2012-11-14,"Fukui",60
