"","TrapID","Year","Date","trap_type"
"1","hillier_1_2_16_1",2010,2010-02-16,"Fukui"
"2","hillier_1_2_16_2",2010,2010-02-16,"Fukui"
"3","hillier_1_2_16_3",2010,2010-02-16,"Fukui"
"4","hillier_1_2_16_4",2010,2010-02-16,"Fukui"
"5","hillier_1_2_16_5",2010,2010-02-16,"Fukui"
"6","hillier_1_2_16_6",2010,2010-02-16,"Fukui"
"7","hillier_1_9_8_1",2011,2011-09-08,"Fukui"
"8","hillier_1_9_8_2",2011,2011-09-08,"Fukui"
"9","hillier_1_9_8_3",2011,2011-09-08,"Fukui"
"10","hillier_1_9_8_4",2011,2011-09-08,"Fukui"
"11","hillier_1_9_8_5",2011,2011-09-08,"Fukui"
"12","hillier_1_9_8_6",2011,2011-09-08,"Fukui"
"13","hillier_2_2_16_1",2010,2010-02-16,"Fukui"
"14","hillier_2_2_16_2",2010,2010-02-16,"Fukui"
"15","hillier_2_2_16_3",2010,2010-02-16,"Fukui"
"16","hillier_2_2_16_4",2010,2010-02-16,"Fukui"
"17","hillier_2_2_16_5",2010,2010-02-16,"Fukui"
"18","hillier_2_2_16_6",2010,2010-02-16,"Fukui"
"19","hillier_2_9_8_1",2011,2011-09-08,"Fukui"
"20","hillier_2_9_8_2",2011,2011-09-08,"Fukui"
"21","hillier_2_9_8_3",2011,2011-09-08,"Fukui"
"22","hillier_2_9_8_4",2011,2011-09-08,"Fukui"
"23","hillier_2_9_8_5",2011,2011-09-08,"Fukui"
"24","hillier_2_9_8_6",2011,2011-09-08,"Fukui"
"25","hillier_3_6_28_1",2007,2007-06-28,"Fukui"
"26","hillier_3_6_28_2",2007,2007-06-28,"Fukui"
"27","hillier_3_6_28_3",2007,2007-06-28,"Fukui"
"28","hillier_3_6_28_4",2007,2007-06-28,"Fukui"
"29","hillier_3_6_28_5",2007,2007-06-28,"Fukui"
"30","hillier_3_2_16_1",2010,2010-02-16,"Fukui"
"31","hillier_3_2_16_2",2010,2010-02-16,"Fukui"
"32","hillier_3_2_16_3",2010,2010-02-16,"Fukui"
"33","hillier_3_2_16_4",2010,2010-02-16,"Fukui"
"34","hillier_3_2_16_5",2010,2010-02-16,"Fukui"
"35","hillier_3_2_16_6",2010,2010-02-16,"Fukui"
"36","hillier_3_9_8_1",2011,2011-09-08,"Fukui"
"37","hillier_3_9_8_2",2011,2011-09-08,"Fukui"
"38","hillier_3_9_8_3",2011,2011-09-08,"Fukui"
"39","hillier_3_9_8_4",2011,2011-09-08,"Fukui"
"40","hillier_3_9_8_5",2011,2011-09-08,"Fukui"
"41","hillier_3_9_8_6",2011,2011-09-08,"Fukui"
"42","hillier_4_5_31_1",2007,2007-05-31,"Fukui"
"43","hillier_4_5_31_2",2007,2007-05-31,"Fukui"
"44","hillier_4_5_31_3",2007,2007-05-31,"Fukui"
"45","hillier_4_5_31_4",2007,2007-05-31,"Fukui"
"46","hillier_4_2_16_1",2010,2010-02-16,"Fukui"
"47","hillier_4_2_16_2",2010,2010-02-16,"Fukui"
"48","hillier_4_2_16_3",2010,2010-02-16,"Fukui"
"49","hillier_4_2_16_4",2010,2010-02-16,"Fukui"
"50","hillier_4_2_16_5",2010,2010-02-16,"Fukui"
"51","hillier_4_2_16_6",2010,2010-02-16,"Fukui"
"52","hillier_5_2_16_1",2010,2010-02-16,"Fukui"
"53","hillier_5_2_16_2",2010,2010-02-16,"Fukui"
"54","hillier_5_2_16_3",2010,2010-02-16,"Fukui"
"55","hillier_5_2_16_4",2010,2010-02-16,"Fukui"
"56","hillier_5_2_16_5",2010,2010-02-16,"Fukui"
"57","hillier_5_2_16_6",2010,2010-02-16,"Fukui"
"58","hillier_6_2_16_1",2010,2010-02-16,"Fukui"
"59","hillier_6_2_16_2",2010,2010-02-16,"Fukui"
"60","hillier_6_2_16_3",2010,2010-02-16,"Fukui"
"61","hillier_6_2_16_4",2010,2010-02-16,"Fukui"
"62","hillier_6_2_16_5",2010,2010-02-16,"Fukui"
"63","hillier_6_2_16_6",2010,2010-02-16,"Fukui"
"64","hillier_6_7_5_99",2011,2011-07-05,"Fukui"
"65","hillier_7_2_17_1",2010,2010-02-17,"Fukui"
"66","hillier_7_2_17_2",2010,2010-02-17,"Fukui"
"67","hillier_7_2_17_3",2010,2010-02-17,"Fukui"
"68","hillier_7_2_17_4",2010,2010-02-17,"Fukui"
"69","hillier_7_2_17_5",2010,2010-02-17,"Fukui"
"70","hillier_7_2_17_6",2010,2010-02-17,"Fukui"
"71","hillier_7_7_5_1",2011,2011-07-05,"Fukui"
"72","hillier_7_7_5_2",2011,2011-07-05,"Fukui"
"73","hillier_7_7_5_3",2011,2011-07-05,"Fukui"
"74","hillier_7_7_5_4",2011,2011-07-05,"Fukui"
"75","hillier_7_7_5_5",2011,2011-07-05,"Fukui"
"76","hillier_7_7_5_99",2011,2011-07-05,"Fukui"
"77","hillier_8_2_17_1",2010,2010-02-17,"Fukui"
"78","hillier_8_2_17_2",2010,2010-02-17,"Fukui"
"79","hillier_8_2_17_3",2010,2010-02-17,"Fukui"
"80","hillier_8_2_17_4",2010,2010-02-17,"Fukui"
"81","hillier_8_2_17_5",2010,2010-02-17,"Fukui"
"82","hillier_8_2_17_6",2010,2010-02-17,"Fukui"
"83","hillier_8_7_5_1",2011,2011-07-05,"Fukui"
"84","hillier_8_7_5_2",2011,2011-07-05,"Fukui"
"85","hillier_8_7_5_3",2011,2011-07-05,"Fukui"
"86","hillier_8_7_5_4",2011,2011-07-05,"Fukui"
"87","hillier_8_7_5_5",2011,2011-07-05,"Fukui"
"88","hillier_8_7_5_99",2011,2011-07-05,"Fukui"
"89","hillier_9_2_17_1",2010,2010-02-17,"Fukui"
"90","hillier_9_2_17_2",2010,2010-02-17,"Fukui"
"91","hillier_9_2_17_3",2010,2010-02-17,"Fukui"
"92","hillier_9_2_17_4",2010,2010-02-17,"Fukui"
"93","hillier_9_2_17_5",2010,2010-02-17,"Fukui"
"94","hillier_9_2_17_6",2010,2010-02-17,"Fukui"
"95","hillier_10_2_17_1",2010,2010-02-17,"Fukui"
"96","hillier_10_2_17_2",2010,2010-02-17,"Fukui"
"97","hillier_10_2_17_3",2010,2010-02-17,"Fukui"
"98","hillier_10_2_17_4",2010,2010-02-17,"Fukui"
"99","hillier_10_2_17_5",2010,2010-02-17,"Fukui"
"100","hillier_10_2_17_6",2010,2010-02-17,"Fukui"
"101","hillier_10_9_9_1",2011,2011-09-09,"Fukui"
"102","hillier_10_9_9_2",2011,2011-09-09,"Fukui"
"103","hillier_10_9_9_3",2011,2011-09-09,"Fukui"
"104","hillier_10_9_9_4",2011,2011-09-09,"Fukui"
"105","hillier_10_9_9_5",2011,2011-09-09,"Fukui"
"106","hillier_10_9_9_6",2011,2011-09-09,"Fukui"
"107","hillier_11_2_17_1",2010,2010-02-17,"Fukui"
"108","hillier_11_2_17_2",2010,2010-02-17,"Fukui"
"109","hillier_11_2_17_3",2010,2010-02-17,"Fukui"
"110","hillier_11_2_17_4",2010,2010-02-17,"Fukui"
"111","hillier_11_2_17_5",2010,2010-02-17,"Fukui"
"112","hillier_11_2_17_6",2010,2010-02-17,"Fukui"
"113","hillier_11_7_21_1",2011,2011-07-21,"Fukui"
"114","hillier_11_7_21_2",2011,2011-07-21,"Fukui"
"115","hillier_11_7_21_3",2011,2011-07-21,"Fukui"
"116","hillier_11_7_21_4",2011,2011-07-21,"Fukui"
"117","hillier_11_7_21_5",2011,2011-07-21,"Fukui"
"118","hillier_11_7_21_99",2011,2011-07-21,"Fukui"
"119","hillier_11_9_9_1",2011,2011-09-09,"Fukui"
"120","hillier_11_9_9_2",2011,2011-09-09,"Fukui"
"121","hillier_11_9_9_3",2011,2011-09-09,"Fukui"
"122","hillier_11_9_9_4",2011,2011-09-09,"Fukui"
"123","hillier_11_9_9_5",2011,2011-09-09,"Fukui"
"124","hillier_11_9_9_6",2011,2011-09-09,"Fukui"
"125","hillier_12_2_17_1",2010,2010-02-17,"Fukui"
"126","hillier_12_2_17_2",2010,2010-02-17,"Fukui"
"127","hillier_12_2_17_3",2010,2010-02-17,"Fukui"
"128","hillier_12_2_17_4",2010,2010-02-17,"Fukui"
"129","hillier_12_2_17_5",2010,2010-02-17,"Fukui"
"130","hillier_12_2_17_6",2010,2010-02-17,"Fukui"
"131","hillier_12_7_21_1",2011,2011-07-21,"Fukui"
"132","hillier_12_7_21_2",2011,2011-07-21,"Fukui"
"133","hillier_12_7_21_3",2011,2011-07-21,"Fukui"
"134","hillier_12_7_21_4",2011,2011-07-21,"Fukui"
"135","hillier_12_7_21_5",2011,2011-07-21,"Fukui"
"136","hillier_12_7_21_99",2011,2011-07-21,"Fukui"
"137","hillier_12_9_9_1",2011,2011-09-09,"Fukui"
"138","hillier_12_9_9_2",2011,2011-09-09,"Fukui"
"139","hillier_12_9_9_3",2011,2011-09-09,"Fukui"
"140","hillier_12_9_9_4",2011,2011-09-09,"Fukui"
"141","hillier_12_9_9_5",2011,2011-09-09,"Fukui"
"142","hillier_12_9_9_6",2011,2011-09-09,"Fukui"
"143","hillier_13_2_18_1",2010,2010-02-18,"Fukui"
"144","hillier_13_2_18_2",2010,2010-02-18,"Fukui"
"145","hillier_13_2_18_3",2010,2010-02-18,"Fukui"
"146","hillier_13_2_18_4",2010,2010-02-18,"Fukui"
"147","hillier_13_2_18_5",2010,2010-02-18,"Fukui"
"148","hillier_13_2_18_6",2010,2010-02-18,"Fukui"
"149","hillier_13_9_9_1",2010,2010-09-09,"Fukui"
"150","hillier_13_9_9_2",2010,2010-09-09,"Fukui"
"151","hillier_13_9_9_3",2010,2010-09-09,"Fukui"
"152","hillier_13_9_9_4",2010,2010-09-09,"Fukui"
"153","hillier_13_9_9_5",2010,2010-09-09,"Fukui"
"154","hillier_13_9_9_6",2010,2010-09-09,"Fukui"
"155","hillier_14_2_18_1",2010,2010-02-18,"Fukui"
"156","hillier_14_2_18_2",2010,2010-02-18,"Fukui"
"157","hillier_14_2_18_3",2010,2010-02-18,"Fukui"
"158","hillier_14_2_18_4",2010,2010-02-18,"Fukui"
"159","hillier_14_2_18_5",2010,2010-02-18,"Fukui"
"160","hillier_14_2_18_6",2010,2010-02-18,"Fukui"
"161","hillier_14_9_9_1",2010,2010-09-09,"Fukui"
"162","hillier_14_9_9_2",2010,2010-09-09,"Fukui"
"163","hillier_14_9_9_3",2010,2010-09-09,"Fukui"
"164","hillier_14_9_9_4",2010,2010-09-09,"Fukui"
"165","hillier_14_9_9_5",2010,2010-09-09,"Fukui"
"166","hillier_14_9_9_6",2010,2010-09-09,"Fukui"
"167","hillier_15_2_18_1",2010,2010-02-18,"Fukui"
"168","hillier_15_2_18_2",2010,2010-02-18,"Fukui"
"169","hillier_15_2_18_3",2010,2010-02-18,"Fukui"
"170","hillier_15_2_18_4",2010,2010-02-18,"Fukui"
"171","hillier_15_2_18_5",2010,2010-02-18,"Fukui"
"172","hillier_15_2_18_6",2010,2010-02-18,"Fukui"
"173","hillier_15_8_18_99",2011,2011-08-18,"Fukui"
"174","hillier_16_2_18_1",2010,2010-02-18,"Fukui"
"175","hillier_16_2_18_2",2010,2010-02-18,"Fukui"
"176","hillier_16_2_18_3",2010,2010-02-18,"Fukui"
"177","hillier_16_2_18_4",2010,2010-02-18,"Fukui"
"178","hillier_16_2_18_5",2010,2010-02-18,"Fukui"
"179","hillier_16_2_18_6",2010,2010-02-18,"Fukui"
"180","hillier_18_9_14_5",2011,2011-09-14,"Fukui"
"181","hillier_18_9_14_99",2011,2011-09-14,"Fukui"
"182","hillier_19_2_19_1",2010,2010-02-19,"Fukui"
"183","hillier_19_2_19_2",2010,2010-02-19,"Fukui"
"184","hillier_19_2_19_3",2010,2010-02-19,"Fukui"
"185","hillier_19_2_19_4",2010,2010-02-19,"Fukui"
"186","hillier_19_2_19_5",2010,2010-02-19,"Fukui"
"187","hillier_19_2_19_6",2010,2010-02-19,"Fukui"
"188","hillier_19_9_14_4",2011,2011-09-14,"Fukui"
"189","hillier_19_9_14_5",2011,2011-09-14,"Fukui"
"190","hillier_19_9_14_99",2011,2011-09-14,"Fukui"
"191","hillier_20_2_19_1",2010,2010-02-19,"Fukui"
"192","hillier_20_2_19_2",2010,2010-02-19,"Fukui"
"193","hillier_20_2_19_3",2010,2010-02-19,"Fukui"
"194","hillier_20_2_19_4",2010,2010-02-19,"Fukui"
"195","hillier_20_2_19_5",2010,2010-02-19,"Fukui"
"196","hillier_20_2_19_6",2010,2010-02-19,"Fukui"
"197","hillier_21_2_19_1",2010,2010-02-19,"Fukui"
"198","hillier_21_2_19_2",2010,2010-02-19,"Fukui"
"199","hillier_21_2_19_3",2010,2010-02-19,"Fukui"
"200","hillier_21_2_19_4",2010,2010-02-19,"Fukui"
"201","hillier_21_2_19_5",2010,2010-02-19,"Fukui"
"202","hillier_21_2_19_6",2010,2010-02-19,"Fukui"
"203","hillier_22_2_19_1",2010,2010-02-19,"Fukui"
"204","hillier_22_2_19_2",2010,2010-02-19,"Fukui"
"205","hillier_22_2_19_3",2010,2010-02-19,"Fukui"
"206","hillier_22_2_19_4",2010,2010-02-19,"Fukui"
"207","hillier_22_2_19_5",2010,2010-02-19,"Fukui"
"208","hillier_22_2_19_6",2010,2010-02-19,"Fukui"
"209","hillier_22_10_12_1",2011,2011-10-12,"Fukui"
"210","hillier_22_10_12_2",2011,2011-10-12,"Fukui"
"211","hillier_22_10_12_3",2011,2011-10-12,"Fukui"
"212","hillier_22_10_12_4",2011,2011-10-12,"Fukui"
"213","hillier_22_10_12_5",2011,2011-10-12,"Fukui"
"214","hillier_22_10_12_99",2011,2011-10-12,"Fukui"
"215","hillier_23_2_19_1",2010,2010-02-19,"Fukui"
"216","hillier_23_2_19_2",2010,2010-02-19,"Fukui"
"217","hillier_23_2_19_3",2010,2010-02-19,"Fukui"
"218","hillier_23_2_19_4",2010,2010-02-19,"Fukui"
"219","hillier_23_2_19_5",2010,2010-02-19,"Fukui"
"220","hillier_23_2_19_6",2010,2010-02-19,"Fukui"
"221","hillier_23_10_12_1",2011,2011-10-12,"Fukui"
"222","hillier_23_10_12_2",2011,2011-10-12,"Fukui"
"223","hillier_23_10_12_3",2011,2011-10-12,"Fukui"
"224","hillier_23_10_12_4",2011,2011-10-12,"Fukui"
"225","hillier_23_10_12_5",2011,2011-10-12,"Fukui"
"226","hillier_23_10_12_99",2011,2011-10-12,"Fukui"
"227","hillier_24_2_19_1",2010,2010-02-19,"Fukui"
"228","hillier_24_2_19_2",2010,2010-02-19,"Fukui"
"229","hillier_24_2_19_3",2010,2010-02-19,"Fukui"
"230","hillier_24_2_19_4",2010,2010-02-19,"Fukui"
"231","hillier_24_2_19_5",2010,2010-02-19,"Fukui"
"232","hillier_24_2_19_6",2010,2010-02-19,"Fukui"
"233","hillier_24_10_12_1",2011,2011-10-12,"Fukui"
"234","hillier_24_10_12_2",2011,2011-10-12,"Fukui"
"235","hillier_24_10_12_3",2011,2011-10-12,"Fukui"
"236","hillier_24_10_12_4",2011,2011-10-12,"Fukui"
"237","hillier_24_10_12_5",2011,2011-10-12,"Fukui"
"238","hillier_24_10_12_99",2011,2011-10-12,"Fukui"
"239","hillier_25_9_10_1",2011,2011-09-10,"Fukui"
"240","hillier_25_9_10_2",2011,2011-09-10,"Fukui"
"241","hillier_25_9_10_3",2011,2011-09-10,"Fukui"
"242","hillier_25_9_10_4",2011,2011-09-10,"Fukui"
"243","hillier_25_9_10_5",2011,2011-09-10,"Fukui"
"244","hillier_25_9_10_6",2011,2011-09-10,"Fukui"
"245","hillier_26_9_10_1",2011,2011-09-10,"Fukui"
"246","hillier_26_9_10_2",2011,2011-09-10,"Fukui"
"247","hillier_26_9_10_3",2011,2011-09-10,"Fukui"
"248","hillier_26_9_10_4",2011,2011-09-10,"Fukui"
"249","hillier_26_9_10_5",2011,2011-09-10,"Fukui"
"250","hillier_26_9_10_6",2011,2011-09-10,"Fukui"
"251","hillier_27_9_10_1",2011,2011-09-10,"Fukui"
"252","hillier_27_9_10_2",2011,2011-09-10,"Fukui"
"253","hillier_27_9_10_3",2011,2011-09-10,"Fukui"
"254","hillier_27_9_10_4",2011,2011-09-10,"Fukui"
"255","hillier_27_9_10_5",2011,2011-09-10,"Fukui"
"256","hillier_27_9_10_6",2011,2011-09-10,"Fukui"
"257","hillier_29_9_11_2",2010,2010-09-11,"Fukui"
"258","hillier_29_9_11_3",2010,2010-09-11,"Fukui"
"259","hillier_29_9_11_5",2010,2010-09-11,"Fukui"
"260","hillier_29_9_11_6",2010,2010-09-11,"Fukui"
"261","hillier_30_9_11_3",2010,2010-09-11,"Fukui"
"262","hillier_30_9_11_4",2010,2010-09-11,"Fukui"
"263","hillier_30_9_11_5",2010,2010-09-11,"Fukui"
"264","hillier_30_9_11_6",2010,2010-09-11,"Fukui"
"265","hillier_31_9_12_1",2010,2010-09-12,"Fukui"
"266","hillier_31_9_12_2",2010,2010-09-12,"Fukui"
"267","hillier_31_9_12_3",2010,2010-09-12,"Fukui"
"268","hillier_31_9_12_4",2010,2010-09-12,"Fukui"
"269","hillier_31_9_12_5",2010,2010-09-12,"Fukui"
"270","hillier_31_9_12_6",2010,2010-09-12,"Fukui"
"271","hillier_32_9_12_1",2010,2010-09-12,"Fukui"
"272","hillier_32_9_12_2",2010,2010-09-12,"Fukui"
"273","hillier_32_9_12_3",2010,2010-09-12,"Fukui"
"274","hillier_32_9_12_4",2010,2010-09-12,"Fukui"
"275","hillier_32_9_12_5",2010,2010-09-12,"Fukui"
"276","hillier_32_9_12_6",2010,2010-09-12,"Fukui"
"277","hillier_33_9_12_1",2010,2010-09-12,"Fukui"
"278","hillier_33_9_12_2",2010,2010-09-12,"Fukui"
"279","hillier_33_9_12_3",2010,2010-09-12,"Fukui"
"280","hillier_33_9_12_4",2010,2010-09-12,"Fukui"
"281","hillier_33_9_12_5",2010,2010-09-12,"Fukui"
"282","hillier_33_9_12_6",2010,2010-09-12,"Fukui"
"283","hillier_34_9_11_1",2011,2011-09-11,"Fukui"
"284","hillier_34_9_11_2",2011,2011-09-11,"Fukui"
"285","hillier_34_9_11_3",2011,2011-09-11,"Fukui"
"286","hillier_34_9_11_4",2011,2011-09-11,"Fukui"
"287","hillier_34_9_11_5",2011,2011-09-11,"Fukui"
"288","hillier_34_9_11_6",2011,2011-09-11,"Fukui"
"289","hillier_34_11_8_1",2011,2011-11-08,"Fukui"
"290","hillier_34_11_8_2",2011,2011-11-08,"Fukui"
"291","hillier_34_11_8_3",2011,2011-11-08,"Fukui"
"292","hillier_34_11_8_4",2011,2011-11-08,"Fukui"
"293","hillier_34_11_8_5",2011,2011-11-08,"Fukui"
"294","hillier_34_11_8_99",2011,2011-11-08,"Fukui"
"295","hillier_35_9_11_1",2011,2011-09-11,"Fukui"
"296","hillier_35_9_11_2",2011,2011-09-11,"Fukui"
"297","hillier_35_9_11_3",2011,2011-09-11,"Fukui"
"298","hillier_35_9_11_4",2011,2011-09-11,"Fukui"
"299","hillier_35_9_11_5",2011,2011-09-11,"Fukui"
"300","hillier_35_9_11_6",2011,2011-09-11,"Fukui"
"301","hillier_35_11_8_1",2011,2011-11-08,"Fukui"
"302","hillier_35_11_8_2",2011,2011-11-08,"Fukui"
"303","hillier_35_11_8_3",2011,2011-11-08,"Fukui"
"304","hillier_35_11_8_4",2011,2011-11-08,"Fukui"
"305","hillier_35_11_8_5",2011,2011-11-08,"Fukui"
"306","hillier_35_11_8_99",2011,2011-11-08,"Fukui"
"307","hillier_36_9_11_1",2011,2011-09-11,"Fukui"
"308","hillier_36_9_11_2",2011,2011-09-11,"Fukui"
"309","hillier_36_9_11_3",2011,2011-09-11,"Fukui"
"310","hillier_36_9_11_4",2011,2011-09-11,"Fukui"
"311","hillier_36_9_11_5",2011,2011-09-11,"Fukui"
"312","hillier_36_9_11_6",2011,2011-09-11,"Fukui"
"313","hillier_36_11_8_1",2011,2011-11-08,"Fukui"
"314","hillier_36_11_8_2",2011,2011-11-08,"Fukui"
"315","hillier_36_11_8_3",2011,2011-11-08,"Fukui"
"316","hillier_36_11_8_4",2011,2011-11-08,"Fukui"
"317","hillier_36_11_8_5",2011,2011-11-08,"Fukui"
"318","hillier_36_11_8_99",2011,2011-11-08,"Fukui"
"319","hillier_40_9_13_1",2010,2010-09-13,"Fukui"
"320","hillier_40_9_13_2",2010,2010-09-13,"Fukui"
"321","hillier_40_9_13_3",2010,2010-09-13,"Fukui"
"322","hillier_40_9_13_4",2010,2010-09-13,"Fukui"
"323","hillier_40_9_13_5",2010,2010-09-13,"Fukui"
"324","hillier_40_9_13_6",2010,2010-09-13,"Fukui"
"325","hillier_41_9_13_1",2010,2010-09-13,"Fukui"
"326","hillier_41_9_13_2",2010,2010-09-13,"Fukui"
"327","hillier_41_9_13_3",2010,2010-09-13,"Fukui"
"328","hillier_41_9_13_4",2010,2010-09-13,"Fukui"
"329","hillier_41_9_13_5",2010,2010-09-13,"Fukui"
"330","hillier_41_9_13_6",2010,2010-09-13,"Fukui"
"331","hillier_42_9_13_1",2010,2010-09-13,"Fukui"
"332","hillier_42_9_13_2",2010,2010-09-13,"Fukui"
"333","hillier_42_9_13_3",2010,2010-09-13,"Fukui"
"334","hillier_42_9_13_4",2010,2010-09-13,"Fukui"
"335","hillier_42_9_13_5",2010,2010-09-13,"Fukui"
"336","hillier_42_9_13_6",2010,2010-09-13,"Fukui"
"337","hillier_42_1_10_1",2012,2012-01-10,"Fukui"
"338","hillier_42_1_10_2",2012,2012-01-10,"Fukui"
"339","hillier_42_1_10_3",2012,2012-01-10,"Fukui"
"340","hillier_42_1_10_4",2012,2012-01-10,"Fukui"
"341","hillier_42_1_10_5",2012,2012-01-10,"Fukui"
"342","hillier_42_1_10_99",2012,2012-01-10,"Fukui"
"343","hillier_43_9_12_1",2011,2011-09-12,"Fukui"
"344","hillier_43_9_12_2",2011,2011-09-12,"Fukui"
"345","hillier_43_9_12_3",2011,2011-09-12,"Fukui"
"346","hillier_43_9_12_4",2011,2011-09-12,"Fukui"
"347","hillier_43_9_12_5",2011,2011-09-12,"Fukui"
"348","hillier_43_9_12_6",2011,2011-09-12,"Fukui"
"349","hillier_43_1_10_2",2012,2012-01-10,"Fukui"
"350","hillier_43_1_10_3",2012,2012-01-10,"Fukui"
"351","hillier_43_1_10_4",2012,2012-01-10,"Fukui"
"352","hillier_43_1_10_5",2012,2012-01-10,"Fukui"
"353","hillier_43_1_10_99",2012,2012-01-10,"Fukui"
"354","hillier_44_9_12_1",2011,2011-09-12,"Fukui"
"355","hillier_44_9_12_2",2011,2011-09-12,"Fukui"
"356","hillier_44_9_12_3",2011,2011-09-12,"Fukui"
"357","hillier_44_9_12_4",2011,2011-09-12,"Fukui"
"358","hillier_44_9_12_5",2011,2011-09-12,"Fukui"
"359","hillier_44_9_12_6",2011,2011-09-12,"Fukui"
"360","hillier_44_1_10_1",2012,2012-01-10,"Fukui"
"361","hillier_44_1_10_2",2012,2012-01-10,"Fukui"
"362","hillier_44_1_10_3",2012,2012-01-10,"Fukui"
"363","hillier_44_1_10_4",2012,2012-01-10,"Fukui"
"364","hillier_44_1_10_5",2012,2012-01-10,"Fukui"
"365","hillier_44_1_10_99",2012,2012-01-10,"Fukui"
"366","hillier_45_9_12_1",2011,2011-09-12,"Fukui"
"367","hillier_45_9_12_2",2011,2011-09-12,"Fukui"
"368","hillier_45_9_12_3",2011,2011-09-12,"Fukui"
"369","hillier_45_9_12_4",2011,2011-09-12,"Fukui"
"370","hillier_45_9_12_5",2011,2011-09-12,"Fukui"
"371","hillier_45_9_12_6",2011,2011-09-12,"Fukui"
"372","hillier_49_9_14_1",2010,2010-09-14,"Fukui"
"373","hillier_49_9_14_2",2010,2010-09-14,"Fukui"
"374","hillier_49_9_14_3",2010,2010-09-14,"Fukui"
"375","hillier_49_9_14_4",2010,2010-09-14,"Fukui"
"376","hillier_49_9_14_5",2010,2010-09-14,"Fukui"
"377","hillier_49_9_14_6",2010,2010-09-14,"Fukui"
"378","hillier_50_9_14_1",2010,2010-09-14,"Fukui"
"379","hillier_50_9_14_2",2010,2010-09-14,"Fukui"
"380","hillier_50_9_14_3",2010,2010-09-14,"Fukui"
"381","hillier_50_9_14_4",2010,2010-09-14,"Fukui"
"382","hillier_50_9_14_5",2010,2010-09-14,"Fukui"
"383","hillier_50_9_14_6",2010,2010-09-14,"Fukui"
"384","hillier_51_9_14_1",2010,2010-09-14,"Fukui"
"385","hillier_51_9_14_2",2010,2010-09-14,"Fukui"
"386","hillier_51_9_14_3",2010,2010-09-14,"Fukui"
"387","hillier_51_9_14_4",2010,2010-09-14,"Fukui"
"388","hillier_51_9_14_5",2010,2010-09-14,"Fukui"
"389","hillier_51_9_14_6",2010,2010-09-14,"Fukui"
"390","hillier_52_9_13_1",2011,2011-09-13,"Fukui"
"391","hillier_52_9_13_2",2011,2011-09-13,"Fukui"
"392","hillier_52_9_13_3",2011,2011-09-13,"Fukui"
"393","hillier_52_9_13_4",2011,2011-09-13,"Fukui"
"394","hillier_52_9_13_5",2011,2011-09-13,"Fukui"
"395","hillier_52_9_13_6",2011,2011-09-13,"Fukui"
"396","hillier_52_3_6_1",2012,2012-03-06,"Fukui"
"397","hillier_52_3_6_2",2012,2012-03-06,"Fukui"
"398","hillier_52_3_6_3",2012,2012-03-06,"Fukui"
"399","hillier_52_3_6_4",2012,2012-03-06,"Fukui"
"400","hillier_52_3_6_5",2012,2012-03-06,"Fukui"
"401","hillier_52_3_6_99",2012,2012-03-06,"Fukui"
"402","hillier_53_9_13_1",2011,2011-09-13,"Fukui"
"403","hillier_53_9_13_2",2011,2011-09-13,"Fukui"
"404","hillier_53_9_13_3",2011,2011-09-13,"Fukui"
"405","hillier_53_9_13_4",2011,2011-09-13,"Fukui"
"406","hillier_53_9_13_5",2011,2011-09-13,"Fukui"
"407","hillier_53_9_13_6",2011,2011-09-13,"Fukui"
"408","hillier_53_3_6_1",2012,2012-03-06,"Fukui"
"409","hillier_53_3_6_2",2012,2012-03-06,"Fukui"
"410","hillier_53_3_6_3",2012,2012-03-06,"Fukui"
"411","hillier_53_3_6_4",2012,2012-03-06,"Fukui"
"412","hillier_53_3_6_5",2012,2012-03-06,"Fukui"
"413","hillier_53_3_6_99",2012,2012-03-06,"Fukui"
"414","hillier_54_9_13_1",2011,2011-09-13,"Fukui"
"415","hillier_54_9_13_2",2011,2011-09-13,"Fukui"
"416","hillier_54_9_13_3",2011,2011-09-13,"Fukui"
"417","hillier_54_9_13_4",2011,2011-09-13,"Fukui"
"418","hillier_54_9_13_5",2011,2011-09-13,"Fukui"
"419","hillier_54_9_13_6",2011,2011-09-13,"Fukui"
"420","hillier_54_3_6_1",2012,2012-03-06,"Fukui"
"421","hillier_54_3_6_2",2012,2012-03-06,"Fukui"
"422","hillier_54_3_6_3",2012,2012-03-06,"Fukui"
"423","hillier_54_3_6_4",2012,2012-03-06,"Fukui"
"424","hillier_54_3_6_5",2012,2012-03-06,"Fukui"
"425","hillier_54_3_6_99",2012,2012-03-06,"Fukui"
"426","hillier_59_9_15_1",2010,2010-09-15,"Fukui"
"427","hillier_59_9_15_2",2010,2010-09-15,"Fukui"
"428","hillier_59_9_15_3",2010,2010-09-15,"Fukui"
"429","hillier_59_9_15_4",2010,2010-09-15,"Fukui"
"430","hillier_59_9_15_5",2010,2010-09-15,"Fukui"
"431","hillier_59_9_15_6",2010,2010-09-15,"Fukui"
"432","hillier_60_9_15_1",2010,2010-09-15,"Fukui"
"433","hillier_60_9_15_2",2010,2010-09-15,"Fukui"
"434","hillier_60_9_15_3",2010,2010-09-15,"Fukui"
"435","hillier_60_9_15_4",2010,2010-09-15,"Fukui"
"436","hillier_60_9_15_5",2010,2010-09-15,"Fukui"
"437","hillier_60_9_15_6",2010,2010-09-15,"Fukui"
"438","hillier_61_9_14_1",2011,2011-09-14,"Fukui"
"439","hillier_61_9_14_2",2011,2011-09-14,"Fukui"
"440","hillier_61_9_14_3",2011,2011-09-14,"Fukui"
"441","hillier_61_9_14_4",2011,2011-09-14,"Fukui"
"442","hillier_61_9_14_5",2011,2011-09-14,"Fukui"
"443","hillier_61_9_14_6",2011,2011-09-14,"Fukui"
"444","hillier_62_9_15_1",2010,2010-09-15,"Fukui"
"445","hillier_62_9_15_2",2010,2010-09-15,"Fukui"
"446","hillier_62_9_15_3",2010,2010-09-15,"Fukui"
"447","hillier_62_9_15_4",2010,2010-09-15,"Fukui"
"448","hillier_62_9_15_5",2010,2010-09-15,"Fukui"
"449","hillier_62_9_15_6",2010,2010-09-15,"Fukui"
"450","hillier_62_9_14_1",2011,2011-09-14,"Fukui"
"451","hillier_62_9_14_2",2011,2011-09-14,"Fukui"
"452","hillier_62_9_14_3",2011,2011-09-14,"Fukui"
"453","hillier_62_9_14_4",2011,2011-09-14,"Fukui"
"454","hillier_62_9_14_5",2011,2011-09-14,"Fukui"
"455","hillier_62_9_14_6",2011,2011-09-14,"Fukui"
"456","hillier_63_9_14_1",2011,2011-09-14,"Fukui"
"457","hillier_63_9_14_2",2011,2011-09-14,"Fukui"
"458","hillier_63_9_14_3",2011,2011-09-14,"Fukui"
"459","hillier_63_9_14_4",2011,2011-09-14,"Fukui"
"460","hillier_63_9_14_5",2011,2011-09-14,"Fukui"
"461","hillier_63_9_14_6",2011,2011-09-14,"Fukui"
"462","hillier_67_4_5_1",2012,2012-04-05,"Fukui"
"463","hillier_67_4_5_2",2012,2012-04-05,"Fukui"
"464","hillier_67_4_5_3",2012,2012-04-05,"Fukui"
"465","hillier_67_4_5_4",2012,2012-04-05,"Fukui"
"466","hillier_67_4_5_5",2012,2012-04-05,"Fukui"
"467","hillier_67_4_5_99",2012,2012-04-05,"Fukui"
"468","hillier_68_4_5_1",2012,2012-04-05,"Fukui"
"469","hillier_68_4_5_2",2012,2012-04-05,"Fukui"
"470","hillier_68_4_5_3",2012,2012-04-05,"Fukui"
"471","hillier_68_4_5_4",2012,2012-04-05,"Fukui"
"472","hillier_68_4_5_5",2012,2012-04-05,"Fukui"
"473","hillier_68_4_5_99",2012,2012-04-05,"Fukui"
"474","hillier_69_4_5_1",2012,2012-04-05,"Fukui"
"475","hillier_69_4_5_2",2012,2012-04-05,"Fukui"
"476","hillier_69_4_5_3",2012,2012-04-05,"Fukui"
"477","hillier_69_4_5_4",2012,2012-04-05,"Fukui"
"478","hillier_69_4_5_5",2012,2012-04-05,"Fukui"
"479","hillier_69_4_5_99",2012,2012-04-05,"Fukui"
"480","hillier_70_9_16_1",2010,2010-09-16,"Fukui"
"481","hillier_70_9_16_2",2010,2010-09-16,"Fukui"
"482","hillier_70_9_16_3",2010,2010-09-16,"Fukui"
"483","hillier_70_9_16_4",2010,2010-09-16,"Fukui"
"484","hillier_70_9_16_5",2010,2010-09-16,"Fukui"
"485","hillier_70_9_16_6",2010,2010-09-16,"Fukui"
"486","hillier_70_9_15_1",2011,2011-09-15,"Fukui"
"487","hillier_70_9_15_2",2011,2011-09-15,"Fukui"
"488","hillier_70_9_15_3",2011,2011-09-15,"Fukui"
"489","hillier_70_9_15_4",2011,2011-09-15,"Fukui"
"490","hillier_70_9_15_5",2011,2011-09-15,"Fukui"
"491","hillier_70_9_15_6",2011,2011-09-15,"Fukui"
"492","hillier_71_9_16_1",2010,2010-09-16,"Fukui"
"493","hillier_71_9_16_2",2010,2010-09-16,"Fukui"
"494","hillier_71_9_16_3",2010,2010-09-16,"Fukui"
"495","hillier_71_9_16_4",2010,2010-09-16,"Fukui"
"496","hillier_71_9_16_5",2010,2010-09-16,"Fukui"
"497","hillier_71_9_16_6",2010,2010-09-16,"Fukui"
"498","hillier_71_9_15_1",2011,2011-09-15,"Fukui"
"499","hillier_71_9_15_2",2011,2011-09-15,"Fukui"
"500","hillier_71_9_15_3",2011,2011-09-15,"Fukui"
"501","hillier_71_9_15_4",2011,2011-09-15,"Fukui"
"502","hillier_71_9_15_5",2011,2011-09-15,"Fukui"
"503","hillier_71_9_15_6",2011,2011-09-15,"Fukui"
"504","hillier_72_9_16_1",2010,2010-09-16,"Fukui"
"505","hillier_72_9_16_2",2010,2010-09-16,"Fukui"
"506","hillier_72_9_16_3",2010,2010-09-16,"Fukui"
"507","hillier_72_9_16_4",2010,2010-09-16,"Fukui"
"508","hillier_72_9_16_5",2010,2010-09-16,"Fukui"
"509","hillier_72_9_16_6",2010,2010-09-16,"Fukui"
"510","hillier_72_9_15_1",2011,2011-09-15,"Fukui"
"511","hillier_72_9_15_2",2011,2011-09-15,"Fukui"
"512","hillier_72_9_15_3",2011,2011-09-15,"Fukui"
"513","hillier_72_9_15_4",2011,2011-09-15,"Fukui"
"514","hillier_72_9_15_5",2011,2011-09-15,"Fukui"
"515","hillier_72_9_15_6",2011,2011-09-15,"Fukui"
"516","hillier_72_5_1_1",2012,2012-05-01,"Fukui"
"517","hillier_72_5_1_2",2012,2012-05-01,"Fukui"
"518","hillier_72_5_1_3",2012,2012-05-01,"Fukui"
"519","hillier_72_5_1_4",2012,2012-05-01,"Fukui"
"520","hillier_72_5_1_5",2012,2012-05-01,"Fukui"
"521","hillier_72_5_1_99",2012,2012-05-01,"Fukui"
"522","hillier_73_5_1_1",2012,2012-05-01,"Fukui"
"523","hillier_73_5_1_2",2012,2012-05-01,"Fukui"
"524","hillier_73_5_1_3",2012,2012-05-01,"Fukui"
"525","hillier_73_5_1_4",2012,2012-05-01,"Fukui"
"526","hillier_73_5_1_5",2012,2012-05-01,"Fukui"
"527","hillier_73_5_1_99",2012,2012-05-01,"Fukui"
"528","hillier_74_5_1_1",2012,2012-05-01,"Fukui"
"529","hillier_74_5_1_2",2012,2012-05-01,"Fukui"
"530","hillier_74_5_1_3",2012,2012-05-01,"Fukui"
"531","hillier_74_5_1_4",2012,2012-05-01,"Fukui"
"532","hillier_74_5_1_5",2012,2012-05-01,"Fukui"
"533","hillier_74_5_1_99",2012,2012-05-01,"Fukui"
"534","hillier_81_9_17_1",2010,2010-09-17,"Fukui"
"535","hillier_81_9_17_2",2010,2010-09-17,"Fukui"
"536","hillier_81_9_17_3",2010,2010-09-17,"Fukui"
"537","hillier_81_9_17_4",2010,2010-09-17,"Fukui"
"538","hillier_81_9_17_5",2010,2010-09-17,"Fukui"
"539","hillier_81_9_17_6",2010,2010-09-17,"Fukui"
"540","hillier_82_9_17_1",2010,2010-09-17,"Fukui"
"541","hillier_82_9_17_2",2010,2010-09-17,"Fukui"
"542","hillier_82_9_17_3",2010,2010-09-17,"Fukui"
"543","hillier_82_9_17_4",2010,2010-09-17,"Fukui"
"544","hillier_82_9_17_5",2010,2010-09-17,"Fukui"
"545","hillier_82_9_17_6",2010,2010-09-17,"Fukui"
"546","hillier_82_5_30_1",2012,2012-05-30,"Fukui"
"547","hillier_82_5_30_2",2012,2012-05-30,"Fukui"
"548","hillier_82_5_30_3",2012,2012-05-30,"Fukui"
"549","hillier_82_5_30_4",2012,2012-05-30,"Fukui"
"550","hillier_82_5_30_5",2012,2012-05-30,"Fukui"
"551","hillier_82_5_30_99",2012,2012-05-30,"Fukui"
"552","hillier_83_9_17_1",2010,2010-09-17,"Fukui"
"553","hillier_83_9_17_2",2010,2010-09-17,"Fukui"
"554","hillier_83_9_17_3",2010,2010-09-17,"Fukui"
"555","hillier_83_9_17_4",2010,2010-09-17,"Fukui"
"556","hillier_83_9_17_5",2010,2010-09-17,"Fukui"
"557","hillier_83_9_17_6",2010,2010-09-17,"Fukui"
"558","hillier_83_5_30_1",2012,2012-05-30,"Fukui"
"559","hillier_83_5_30_2",2012,2012-05-30,"Fukui"
"560","hillier_83_5_30_3",2012,2012-05-30,"Fukui"
"561","hillier_83_5_30_4",2012,2012-05-30,"Fukui"
"562","hillier_83_5_30_5",2012,2012-05-30,"Fukui"
"563","hillier_83_5_30_99",2012,2012-05-30,"Fukui"
"564","hillier_84_5_30_1",2012,2012-05-30,"Fukui"
"565","hillier_84_5_30_2",2012,2012-05-30,"Fukui"
"566","hillier_84_5_30_3",2012,2012-05-30,"Fukui"
"567","hillier_84_5_30_4",2012,2012-05-30,"Fukui"
"568","hillier_84_5_30_5",2012,2012-05-30,"Fukui"
"569","hillier_84_5_30_99",2012,2012-05-30,"Fukui"
"570","hillier_92_9_18_1",2010,2010-09-18,"Fukui"
"571","hillier_92_9_18_2",2010,2010-09-18,"Fukui"
"572","hillier_92_9_18_3",2010,2010-09-18,"Fukui"
"573","hillier_92_9_18_4",2010,2010-09-18,"Fukui"
"574","hillier_92_9_18_5",2010,2010-09-18,"Fukui"
"575","hillier_92_9_18_6",2010,2010-09-18,"Fukui"
"576","hillier_92_6_26_1",2012,2012-06-26,"Fukui"
"577","hillier_92_6_26_2",2012,2012-06-26,"Fukui"
"578","hillier_92_6_26_3",2012,2012-06-26,"Fukui"
"579","hillier_92_6_26_4",2012,2012-06-26,"Fukui"
"580","hillier_92_6_26_5",2012,2012-06-26,"Fukui"
"581","hillier_92_6_26_99",2012,2012-06-26,"Fukui"
"582","hillier_93_9_18_1",2010,2010-09-18,"Fukui"
"583","hillier_93_9_18_2",2010,2010-09-18,"Fukui"
"584","hillier_93_9_18_3",2010,2010-09-18,"Fukui"
"585","hillier_93_9_18_4",2010,2010-09-18,"Fukui"
"586","hillier_93_9_18_5",2010,2010-09-18,"Fukui"
"587","hillier_93_9_18_6",2010,2010-09-18,"Fukui"
"588","hillier_93_6_26_1",2012,2012-06-26,"Fukui"
"589","hillier_93_6_26_2",2012,2012-06-26,"Fukui"
"590","hillier_93_6_26_3",2012,2012-06-26,"Fukui"
"591","hillier_93_6_26_4",2012,2012-06-26,"Fukui"
"592","hillier_93_6_26_5",2012,2012-06-26,"Fukui"
"593","hillier_93_6_26_99",2012,2012-06-26,"Fukui"
"594","hillier_94_9_18_1",2010,2010-09-18,"Fukui"
"595","hillier_94_9_18_2",2010,2010-09-18,"Fukui"
"596","hillier_94_9_18_3",2010,2010-09-18,"Fukui"
"597","hillier_94_9_18_4",2010,2010-09-18,"Fukui"
"598","hillier_94_9_18_5",2010,2010-09-18,"Fukui"
"599","hillier_94_9_18_6",2010,2010-09-18,"Fukui"
"600","hillier_94_6_26_1",2012,2012-06-26,"Fukui"
"601","hillier_94_6_26_2",2012,2012-06-26,"Fukui"
"602","hillier_94_6_26_3",2012,2012-06-26,"Fukui"
"603","hillier_94_6_26_4",2012,2012-06-26,"Fukui"
"604","hillier_94_6_26_5",2012,2012-06-26,"Fukui"
"605","hillier_94_6_26_99",2012,2012-06-26,"Fukui"
"606","hillier_103_9_19_1",2010,2010-09-19,"Fukui"
"607","hillier_103_9_19_2",2010,2010-09-19,"Fukui"
"608","hillier_103_9_19_3",2010,2010-09-19,"Fukui"
"609","hillier_103_9_19_4",2010,2010-09-19,"Fukui"
"610","hillier_103_9_19_5",2010,2010-09-19,"Fukui"
"611","hillier_103_9_19_6",2010,2010-09-19,"Fukui"
"612","hillier_104_6_15_1",2010,2010-06-15,"Fukui"
"613","hillier_104_6_15_2",2010,2010-06-15,"Fukui"
"614","hillier_104_6_15_3",2010,2010-06-15,"Fukui"
"615","hillier_104_6_15_4",2010,2010-06-15,"Fukui"
"616","hillier_104_6_15_5",2010,2010-06-15,"Fukui"
"617","hillier_104_6_15_6",2010,2010-06-15,"Fukui"
"618","hillier_104_9_19_1",2010,2010-09-19,"Fukui"
"619","hillier_104_9_19_2",2010,2010-09-19,"Fukui"
"620","hillier_104_9_19_3",2010,2010-09-19,"Fukui"
"621","hillier_104_9_19_4",2010,2010-09-19,"Fukui"
"622","hillier_104_9_19_5",2010,2010-09-19,"Fukui"
"623","hillier_104_9_19_6",2010,2010-09-19,"Fukui"
"624","hillier_105_9_19_1",2010,2010-09-19,"Fukui"
"625","hillier_105_9_19_2",2010,2010-09-19,"Fukui"
"626","hillier_105_9_19_3",2010,2010-09-19,"Fukui"
"627","hillier_105_9_19_4",2010,2010-09-19,"Fukui"
"628","hillier_105_9_19_5",2010,2010-09-19,"Fukui"
"629","hillier_105_9_19_6",2010,2010-09-19,"Fukui"
"630","hillier_107_7_25_1",2012,2012-07-25,"Fukui"
"631","hillier_107_7_25_2",2012,2012-07-25,"Fukui"
"632","hillier_107_7_25_3",2012,2012-07-25,"Fukui"
"633","hillier_107_7_25_4",2012,2012-07-25,"Fukui"
"634","hillier_107_7_25_5",2012,2012-07-25,"Fukui"
"635","hillier_107_7_25_99",2012,2012-07-25,"Fukui"
"636","hillier_108_7_25_1",2012,2012-07-25,"Fukui"
"637","hillier_108_7_25_2",2012,2012-07-25,"Fukui"
"638","hillier_108_7_25_3",2012,2012-07-25,"Fukui"
"639","hillier_108_7_25_4",2012,2012-07-25,"Fukui"
"640","hillier_108_7_25_5",2012,2012-07-25,"Fukui"
"641","hillier_108_7_25_99",2012,2012-07-25,"Fukui"
"642","hillier_109_7_25_1",2012,2012-07-25,"Fukui"
"643","hillier_109_7_25_2",2012,2012-07-25,"Fukui"
"644","hillier_109_7_25_3",2012,2012-07-25,"Fukui"
"645","hillier_109_7_25_4",2012,2012-07-25,"Fukui"
"646","hillier_109_7_25_5",2012,2012-07-25,"Fukui"
"647","hillier_109_7_25_99",2012,2012-07-25,"Fukui"
"648","hillier_117_8_22_1",2012,2012-08-22,"Fukui"
"649","hillier_117_8_22_2",2012,2012-08-22,"Fukui"
"650","hillier_117_8_22_3",2012,2012-08-22,"Fukui"
"651","hillier_117_8_22_4",2012,2012-08-22,"Fukui"
"652","hillier_117_8_22_5",2012,2012-08-22,"Fukui"
"653","hillier_117_8_22_99",2012,2012-08-22,"Fukui"
"654","hillier_118_8_22_1",2012,2012-08-22,"Fukui"
"655","hillier_118_8_22_2",2012,2012-08-22,"Fukui"
"656","hillier_118_8_22_3",2012,2012-08-22,"Fukui"
"657","hillier_118_8_22_4",2012,2012-08-22,"Fukui"
"658","hillier_118_8_22_5",2012,2012-08-22,"Fukui"
"659","hillier_118_8_22_99",2012,2012-08-22,"Fukui"
"660","hillier_119_8_22_1",2012,2012-08-22,"Fukui"
"661","hillier_119_8_22_2",2012,2012-08-22,"Fukui"
"662","hillier_119_8_22_3",2012,2012-08-22,"Fukui"
"663","hillier_119_8_22_4",2012,2012-08-22,"Fukui"
"664","hillier_119_8_22_5",2012,2012-08-22,"Fukui"
"665","hillier_119_8_22_99",2012,2012-08-22,"Fukui"
"666","hillier_127_4_20_1",2007,2007-04-20,"Fukui"
"667","hillier_127_4_20_2",2007,2007-04-20,"Fukui"
"668","hillier_127_4_20_3",2007,2007-04-20,"Fukui"
"669","hillier_127_4_20_4",2007,2007-04-20,"Fukui"
"670","hillier_127_4_20_5",2007,2007-04-20,"Fukui"
"671","hillier_127_4_20_6",2007,2007-04-20,"Fukui"
"672","hillier_127_9_19_1",2012,2012-09-19,"Fukui"
"673","hillier_127_9_19_2",2012,2012-09-19,"Fukui"
"674","hillier_127_9_19_3",2012,2012-09-19,"Fukui"
"675","hillier_127_9_19_4",2012,2012-09-19,"Fukui"
"676","hillier_127_9_19_5",2012,2012-09-19,"Fukui"
"677","hillier_127_9_19_99",2012,2012-09-19,"Fukui"
"678","hillier_128_9_19_1",2012,2012-09-19,"Fukui"
"679","hillier_128_9_19_2",2012,2012-09-19,"Fukui"
"680","hillier_128_9_19_3",2012,2012-09-19,"Fukui"
"681","hillier_128_9_19_4",2012,2012-09-19,"Fukui"
"682","hillier_128_9_19_5",2012,2012-09-19,"Fukui"
"683","hillier_128_9_19_99",2012,2012-09-19,"Fukui"
"684","hillier_129_9_19_1",2012,2012-09-19,"Fukui"
"685","hillier_129_9_19_2",2012,2012-09-19,"Fukui"
"686","hillier_129_9_19_3",2012,2012-09-19,"Fukui"
"687","hillier_129_9_19_4",2012,2012-09-19,"Fukui"
"688","hillier_129_9_19_5",2012,2012-09-19,"Fukui"
"689","hillier_129_9_19_99",2012,2012-09-19,"Fukui"
"690","hillier_137_10_17_1",2012,2012-10-17,"Fukui"
"691","hillier_137_10_17_2",2012,2012-10-17,"Fukui"
"692","hillier_137_10_17_3",2012,2012-10-17,"Fukui"
"693","hillier_137_10_17_4",2012,2012-10-17,"Fukui"
"694","hillier_137_10_17_5",2012,2012-10-17,"Fukui"
"695","hillier_137_10_17_99",2012,2012-10-17,"Fukui"
"696","hillier_138_10_17_1",2012,2012-10-17,"Fukui"
"697","hillier_138_10_17_2",2012,2012-10-17,"Fukui"
"698","hillier_138_10_17_3",2012,2012-10-17,"Fukui"
"699","hillier_138_10_17_4",2012,2012-10-17,"Fukui"
"700","hillier_138_10_17_5",2012,2012-10-17,"Fukui"
"701","hillier_138_10_17_99",2012,2012-10-17,"Fukui"
"702","hillier_139_10_17_1",2012,2012-10-17,"Fukui"
"703","hillier_139_10_17_2",2012,2012-10-17,"Fukui"
"704","hillier_139_10_17_3",2012,2012-10-17,"Fukui"
"705","hillier_139_10_17_4",2012,2012-10-17,"Fukui"
"706","hillier_139_10_17_99",2012,2012-10-17,"Fukui"
"707","hillier_147_11_15_1",2012,2012-11-15,"Fukui"
"708","hillier_147_11_15_2",2012,2012-11-15,"Fukui"
"709","hillier_147_11_15_3",2012,2012-11-15,"Fukui"
"710","hillier_147_11_15_4",2012,2012-11-15,"Fukui"
"711","hillier_147_11_15_5",2012,2012-11-15,"Fukui"
"712","hillier_147_11_15_99",2012,2012-11-15,"Fukui"
"713","hillier_148_11_15_1",2012,2012-11-15,"Fukui"
"714","hillier_148_11_15_2",2012,2012-11-15,"Fukui"
"715","hillier_148_11_15_3",2012,2012-11-15,"Fukui"
"716","hillier_148_11_15_4",2012,2012-11-15,"Fukui"
"717","hillier_148_11_15_5",2012,2012-11-15,"Fukui"
"718","hillier_148_11_15_99",2012,2012-11-15,"Fukui"
"719","hillier_149_11_15_1",2012,2012-11-15,"Fukui"
"720","hillier_149_11_15_2",2012,2012-11-15,"Fukui"
"721","hillier_149_11_15_3",2012,2012-11-15,"Fukui"
"722","hillier_149_11_15_4",2012,2012-11-15,"Fukui"
"723","hillier_149_11_15_5",2012,2012-11-15,"Fukui"
"724","hillier_149_11_15_99",2012,2012-11-15,"Fukui"
