WA_ID,WDFW_ID,WSG_ID,Other_ID,Type,Scientific_Name,Common_Name,Date_Observed,Date_Reported,Day,Month,Year,Management_Area,Waterbody,Site_ID,Site_Name,Site_Info,County,Latitude,Longitude,Accuracy,Sex,CW_mm,NW_mm,Limb_Status,Color,Eggs,Condition,Barnacles,YearClass_Estimation,Trap_Type,Trap_Number,Trap_Info,Bait,ReportingParty,ReportingParty_PhoneNumber,ReportingParty_Email,ConfirmingParty,Confirming_Evidence,PicturePath_Media,Genetics,Database_Recorder,Notes,Data_Source,TrackedChanges,,,
,DH.2021.0001,WASS.2021.0004,N/A,Crustacean,Carcinus maenas,European Green Crab,4/14/2021,4/14/2021,14,4,2021,San Juan Islands,Drayton Harbor,N/A,North,Core; Pillars,Whatcom,48.988684,-122.75473,Actual,Male,48,N/A,"Lr1,4",Light-Orange,N/A,Live,No,2020,Minnow,688-P,C.P.12,Mackerel,WDFW,888-WDFW-AIS,AIS@dfw.wa.gov,"Lindsey Parker, WDFW",Specimen,N/A,Given to WSG,Parker WDFW,-,WDFW,,,,
,DH.2021.0002,WASS.2021.0005,N/A,Crustacean,Carcinus maenas,European Green Crab,4/14/2021,4/14/2021,14,4,2021,San Juan Islands,Drayton Harbor,N/A,North,Core; Pillars,Whatcom,48.988615,-122.753806,Actual,Male,44.5,N/A,Good,Light-Orange,N/A,Live,No,2020,Minnow,1178-B,C.P.21,Mackerel,WDFW,888-WDFW-AIS,AIS@dfw.wa.gov,"Lindsey Parker, WDFW",Specimen,N/A,Given to WSG,Parker WDFW,-,WDFW,,,,
,DH.2021.0003,WASS.2021.0006,N/A,Crustacean,Carcinus maenas,European Green Crab,4/14/2021,4/14/2021,14,4,2021,San Juan Islands,Drayton Harbor,N/A,Dakota Creek,Core,Whatcom,48.97378,-122.734431,Actual,Male,73,N/A,Rr3,Orange,N/A,Live,No,2019,Fukui,104-Y,C.DC.16,Mackerel,WDFW,888-WDFW-AIS,AIS@dfw.wa.gov,"Lindsey Parker, WDFW",Specimen,N/A,Given to WSG,Parker WDFW,-,WDFW,,,,
,DH.2021.0004,WASS.2021.0007,N/A,Crustacean,Carcinus maenas,European Green Crab,4/14/2021,4/14/2021,14,4,2021,San Juan Islands,Drayton Harbor,N/A,Dakota Creek,Core,Whatcom,48.973824,-122.735038,Actual,Male,54.5,N/A,R2,Light-Orange,N/A,Live,No,2020,Minnow,1351-G,C.DC.19,Mackerel,WDFW,888-WDFW-AIS,AIS@dfw.wa.gov,"Lindsey Parker, WDFW",Specimen,N/A,Given to WSG,Parker WDFW,-,WDFW,"Tag number changed from 1331-G to 1351-G, EGC tag replaced - LP",,,
,DH.2021.0005,WASS.2021.0008,N/A,Crustacean,Carcinus maenas,European Green Crab,4/14/2021,4/14/2021,14,4,2021,San Juan Islands,Drayton Harbor,N/A,California Creek,Core,Whatcom,48.96175,-122.733996,Actual,Male,49,N/A,L5,Light-Orange,N/A,Live,No,2020,Minnow,684-P,C.CC.06,Mackerel,WDFW,888-WDFW-AIS,AIS@dfw.wa.gov,"Lindsey Parker, WDFW",Specimen,N/A,Given to WSG,Parker WDFW,-,WDFW,,,,
,DH.2021.0006,WASS.2021.0010,N/A,Crustacean,Carcinus maenas,European Green Crab,4/27/2021,4/27/2021,27,4,2021,San Juan Islands,Drayton Harbor,N/A,North,Core; Pillars,Whatcom,48.988841,-122.754293,Actual,Female,46.5,N/A,Lr2,Green,No,Live,No,2020,Fukui,619-P,C.P.16,Mackerel,WDFW,888-WDFW-AIS,AIS@dfw.wa.gov,"Lindsey Parker, WDFW",Specimen,N/A,Given to WSG,Parker WDFW,-,WDFW,,,,
,DH.2021.0007,WASS.2021.0011,N/A,Crustacean,Carcinus maenas,European Green Crab,4/27/2021,4/27/2021,27,4,2021,San Juan Islands,Drayton Harbor,N/A,North,Core; Pillars,Whatcom,48.988521,-122.753649,Actual,Male,72,N/A,"L1,2",Red/Orange,N/A,Live,Yes,2019,Fukui,609-P,C.P.22,Mackerel,WDFW,888-WDFW-AIS,AIS@dfw.wa.gov,"Lindsey Parker, WDFW",Specimen,N/A,Given to WSG,Parker WDFW,-,WDFW,,,,
,DH.2021.0008,WASS.2021.0012,N/A,Crustacean,Carcinus maenas,European Green Crab,4/27/2021,4/27/2021,27,4,2021,San Juan Islands,Drayton Harbor,N/A,North,Core; Pillars,Whatcom,48.989406,-122.754144,Actual,Male,64,N/A,"Lr1,2",Red/Orange,N/A,Live,Yes,2019,Fukui,20-P,C.P.23,Mackerel,WDFW,888-WDFW-AIS,AIS@dfw.wa.gov,"Lindsey Parker, WDFW",Specimen,N/A,Given to WSG,Parker WDFW,-,WDFW,,,,
,DH.2021.0009,WASS.2021.0013,N/A,Crustacean,Carcinus maenas,European Green Crab,4/28/2021,4/28/2021,28,4,2021,San Juan Islands,Drayton Harbor,N/A,California Creek,Found in small pipe remnant near I.CC.M,Whatcom,48.962307,-122.734433,Actual,Male,73,N/A,L2,Light-Orange,N/A,Live,No,2019,Hand,N/A,-,Mackerel,WDFW,888-WDFW-AIS,AIS@dfw.wa.gov,"Lindsey Parker, WDFW",Specimen,N/A,Given to WSG,Parker WDFW,-,WDFW,,,,
,DH.2021.0010,WASS.2021.0014,N/A,Crustacean,Carcinus maenas,European Green Crab,4/29/2021,4/29/2021,29,4,2021,San Juan Islands,Drayton Harbor,N/A,California Creek,Index; Mouth,Whatcom,48.962567,-122.734016,Actual,Female,65,N/A,R1,Red/Orange,No,Live,No,2019,Fukui,128-Y,I.CC.M.06,Mackerel,WDFW,888-WDFW-AIS,AIS@dfw.wa.gov,"Lindsey Parker, WDFW",Specimen,N/A,Given to WSG,Parker WDFW,-,WDFW,,,,
,DH.2021.0011,WASS.2021.0015,N/A,Crustacean,Carcinus maenas,European Green Crab,4/29/2021,4/29/2021,29,4,2021,San Juan Islands,Drayton Harbor,N/A,California Creek,Index; Mouth,Whatcom,48.962567,-122.734016,Actual,Female,60.5,N/A,Good,Red/Orange,No,Live,Yes,2019,Fukui,128-Y,I.CC.M.06,Mackerel,WDFW,888-WDFW-AIS,AIS@dfw.wa.gov,"Lindsey Parker, WDFW",Specimen,N/A,Given to WSG,Parker WDFW,-,WDFW,,,,
,DH.2021.0012,WASS.2021.0019,N/A,Crustacean,Carcinus maenas,European Green Crab,4/30/2021,4/30/2021,30,4,2021,San Juan Islands,Drayton Harbor,N/A,Dakota Creek,-,Whatcom,48.972535,-122.732088,Actual,Male,81,N/A,R1,Yellow,N/A,Live,Yes,2018/2019,Fukui,115-Y,-,Mackerel,WDFW,888-WDFW-AIS,AIS@dfw.wa.gov,"Lindsey Parker, WDFW",Specimen,N/A,Given to WSG,Parker WDFW,-,WDFW,,,,
,DH.2021.0013,WASS.2021.0020,N/A,Crustacean,Carcinus maenas,European Green Crab,4/30/2021,4/30/2021,30,4,2021,San Juan Islands,Drayton Harbor,N/A,Dakota Creek,-,Whatcom,48.97265,-122.732273,Actual,Female,68,N/A,"Ld3; R2,5; Rd4; Rr1",Red/Orange,No,Live - damaged marginal teeth,Yes,2019,Fukui,104-Y,-,Mackerel,WDFW,888-WDFW-AIS,AIS@dfw.wa.gov,"Lindsey Parker, WDFW",Specimen,N/A,Given to WSG,Parker WDFW,Marginal teeth damage effected size measurement,WDFW,,,,
,DH.2021.0014,WASS.2021.0021,N/A,Crustacean,Carcinus maenas,European Green Crab,4/30/2021,4/30/2021,30,4,2021,San Juan Islands,Drayton Harbor,N/A,Dakota Creek,-,Whatcom,48.972718,-122.732335,Actual,Female,45,N/A,Good,Light-Green,No,Live,No,2020,Minnow,1404-R,-,Mackerel,WDFW,888-WDFW-AIS,AIS@dfw.wa.gov,"Lindsey Parker, WDFW",Specimen,N/A,Given to WSG,Parker WDFW,-,WDFW,,,,
,DH.2021.0015,WASS.2021.0022,N/A,Crustacean,Carcinus maenas,European Green Crab,4/30/2021,4/30/2021,30,4,2021,San Juan Islands,Drayton Harbor,N/A,Dakota Creek,-,Whatcom,48.972741,-122.732391,Actual,Female,69.5,N/A,Rr2,Red/Orange,No,Live,Yes,2019,Fukui,184-Y,-,Mackerel,WDFW,888-WDFW-AIS,AIS@dfw.wa.gov,"Lindsey Parker, WDFW",Specimen,N/A,Given to WSG,Parker WDFW,-,WDFW,,,,
,DH.2021.0016,WASS.2021.0027,N/A,Crustacean,Carcinus maenas,European Green Crab,5/11/2021,5/11/2021,11,5,2021,San Juan Islands,Drayton Harbor,N/A,North,Core; Pillars,Whatcom,48.988736,-122.75504,Actual,Male,45,N/A,Lr1,Yellow,N/A,Live,No,2020,Fukui,1195-Y,C.P.09,Mackerel,WDFW,888-WDFW-AIS,AIS@dfw.wa.gov,"Lindsey Parker, WDFW",Specimen,N/A,Given to WSG,Parker WDFW,-,WDFW,,,,
,DH.2021.0017,WASS.2021.0028,N/A,Crustacean,Carcinus maenas,European Green Crab,5/11/2021,5/11/2021,11,5,2021,San Juan Islands,Drayton Harbor,N/A,Dakota Creek,Core,Whatcom,48.972787,-122.732185,Actual,Female,76,N/A,Good,Orange,No,Live,Yes,2019,Fukui,602-P,C.DC.04,Mackerel,WDFW,888-WDFW-AIS,AIS@dfw.wa.gov,"Lindsey Parker, WDFW",Specimen,N/A,Given to WSG,Parker WDFW,Mussel on ventral side,WDFW,,,,
,DH.2021.0018,WASS.2021.0029,N/A,Crustacean,Carcinus maenas,European Green Crab,5/11/2021,5/11/2021,11,5,2021,San Juan Islands,Drayton Harbor,N/A,Dakota Creek,Core,Whatcom,48.972976,-122.732562,Actual,Male,55.5,N/A,Lr4; Rr1,Yellow,N/A,Live,No,2020,Fukui,690-P,C.DC.06,Mackerel,WDFW,888-WDFW-AIS,AIS@dfw.wa.gov,"Lindsey Parker, WDFW",Specimen,N/A,Given to WSG,Parker WDFW,-,WDFW,,,,
,DH.2021.0019,WASS.2021.0030,N/A,Crustacean,Carcinus maenas,European Green Crab,5/11/2021,5/11/2021,11,5,2021,San Juan Islands,Drayton Harbor,N/A,Dakota Creek,Core,Whatcom,48.972976,-122.732562,Actual,Female,62,N/A,Good,Red/Orange,No,Live - damaged mandible,No,2019,Fukui,690-P,C.DC.06,Mackerel,WDFW,888-WDFW-AIS,AIS@dfw.wa.gov,"Lindsey Parker, WDFW",Specimen,N/A,Given to WSG,Parker WDFW,-,WDFW,,,,
,DH.2021.0020,WASS.2021.0031,N/A,Crustacean,Carcinus maenas,European Green Crab,5/11/2021,5/11/2021,11,5,2021,San Juan Islands,Drayton Harbor,N/A,Dakota Creek,Core,Whatcom,48.973525,-122.733689,Actual,Female,78,N/A,Good,Red/Orange,No,Live,Yes,2019,Fukui,609-P,C.DC.12,Mackerel,WDFW,888-WDFW-AIS,AIS@dfw.wa.gov,"Lindsey Parker, WDFW",Specimen,N/A,Given to WSG,Parker WDFW,-,WDFW,,,,
,DH.2021.0021,WASS.2021.0032,N/A,Crustacean,Carcinus maenas,European Green Crab,5/11/2021,5/11/2021,11,5,2021,San Juan Islands,Drayton Harbor,N/A,California Creek,Core,Whatcom,48.961808,-122.73338,Actual,Female,63,N/A,"L5; Ld2; R1,5; Rd2,3,4",Red/Orange,No,Live,No,2019,Fukui,619-P,C.CC.01,Mackerel,WDFW,888-WDFW-AIS,AIS@dfw.wa.gov,"Lindsey Parker, WDFW",Specimen,N/A,Given to WSG,Parker WDFW,-,WDFW,,,,
,DH.2021.0022,WASS.2021.0033,N/A,Crustacean,Carcinus maenas,European Green Crab,5/13/2021,5/13/2021,13,5,2021,San Juan Islands,Drayton Harbor,N/A,South,Hossacks property between Shintaffer Rd and Harborview Rd,Whatcom,48.961239,-122.756347,Actual,Male,57,N/A,Good,Green,N/A,Live,No,2020,Fukui,574-P,-,Mackerel,WDFW,888-WDFW-AIS,AIS@dfw.wa.gov,"Lindsey Parker, WDFW",Specimen,N/A,Given to WSG,Parker WDFW,-,WDFW,,,,
,DH.2021.0023,WASS.2021.0034,N/A,Crustacean,Carcinus maenas,European Green Crab,5/14/2021,5/14/2021,14,5,2021,San Juan Islands,Drayton Harbor,N/A,Dakota Creek,Core,Whatcom,48.972787,-122.732185,Actual,Female,55,N/A,Good,Orange,No,Live,No,2020,Fukui,602-P,C.DC.04,Mackerel,WDFW,888-WDFW-AIS,AIS@dfw.wa.gov,"Lindsey Parker, WDFW",Specimen,N/A,Given to WSG,Parker WDFW,-,WDFW,,,,
,DH.2021.0024,WASS.2021.0035,N/A,Crustacean,Carcinus maenas,European Green Crab,5/14/2021,5/14/2021,14,5,2021,San Juan Islands,Drayton Harbor,N/A,Dakota Creek,Core,Whatcom,48.972837,-122.732376,Actual,Male,49,N/A,Good,Yellow,N/A,Live,No,2020,Minnow,658-P,C.DC.05,Mackerel,WDFW,888-WDFW-AIS,AIS@dfw.wa.gov,"Lindsey Parker, WDFW",Specimen,N/A,Given to WSG,Parker WDFW,-,WDFW,,,,
,DH.2021.0025,WASS.2021.0036,N/A,Crustacean,Carcinus maenas,European Green Crab,5/14/2021,5/14/2021,14,5,2021,San Juan Islands,Drayton Harbor,N/A,Dakota Creek,Core,Whatcom,48.973038,-122.732754,Actual,Male,47,N/A,"Rd1,2",Yellow,N/A,Live,No,2020,Minnow,141-P,C.DC.07,Mackerel,WDFW,888-WDFW-AIS,AIS@dfw.wa.gov,"Lindsey Parker, WDFW",Specimen,N/A,Given to WSG,Parker WDFW,-,WDFW,,,,
,DH.2021.0026,WASS.2021.0037,N/A,Crustacean,Carcinus maenas,European Green Crab,5/14/2021,5/14/2021,14,5,2021,San Juan Islands,Drayton Harbor,N/A,Dakota Creek,-,Whatcom,48.973806,-122.737132,Actual,Female,71.5,N/A,"L3; Lr2; R3,4; Rr1",Red/Orange,No,Live,Yes,2019,Fukui,164-Y,-,Mackerel,WDFW,888-WDFW-AIS,AIS@dfw.wa.gov,"Lindsey Parker, WDFW",Specimen,N/A,Given to WSG,Parker WDFW,-,WDFW,,,,
,DH.2021.0027,WASS.2021.0043,N/A,Crustacean,Carcinus maenas,European Green Crab,5/25/2021,5/25/2021,25,5,2021,San Juan Islands,Drayton Harbor,N/A,North,Core; Pillars,Whatcom,48.988841,-122.754293,Actual,Male,81,N/A,"L5; R1,4; Rd3",Yellow,N/A,Live,No,,Fukui,609-P,C.P.16,Mackerel,WDFW,888-WDFW-AIS,AIS@dfw.wa.gov,"Lindsey Parker, WDFW",Specimen,N/A,Given to WSG,Parker WDFW,-,WDFW,"Changed coordinates, previous coordinates were for Dakota, not Pillars - AS",,,
,DH.2021.0028,WASS.2021.0044,N/A,Crustacean,Carcinus maenas,European Green Crab,5/25/2021,5/25/2021,25,5,2021,San Juan Islands,Drayton Harbor,N/A,North,Core; Pillars,Whatcom,48.988841,-122.754293,Actual,Male,79,N/A,Good,Yellow,N/A,Live,No,,Fukui,609-P,C.P.16,Mackerel,WDFW,888-WDFW-AIS,AIS@dfw.wa.gov,"Lindsey Parker, WDFW",Specimen,N/A,Given to WSG,Parker WDFW,-,WDFW,"Changed coordinates, previous coordinates were for Dakota, not Pillars - AS",,,
,DH.2021.0029,WASS.2021.0045,N/A,Crustacean,Carcinus maenas,European Green Crab,5/25/2021,5/25/2021,25,5,2021,San Juan Islands,Drayton Harbor,N/A,North,Core; Pillars,Whatcom,48.988841,-122.754293,Actual,Male,56,N/A,L5; Rr1,Yellow,N/A,Live - damaged antenna,No,,Fukui,609-P,C.P.16,Mackerel,WDFW,888-WDFW-AIS,AIS@dfw.wa.gov,"Lindsey Parker, WDFW",Specimen,N/A,Given to WSG,Parker WDFW,-,WDFW,"Changed coordinates, previous coordinates were for Dakota, not Pillars - AS",,,
,DH.2021.0030,WASS.2021.0046,N/A,Crustacean,Carcinus maenas,European Green Crab,5/25/2021,5/25/2021,25,5,2021,San Juan Islands,Drayton Harbor,N/A,Dakota Creek,Core,Whatcom,48.97367,-122.734108,Actual,Female,46,N/A,Good,Red/Orange,No,Live,No,,Minnow,1323-G,C.DC.13,Mackerel,WDFW,888-WDFW-AIS,AIS@dfw.wa.gov,"Lindsey Parker, WDFW",Specimen,N/A,Given to WSG,Parker WDFW,Leg damage after capture,WDFW,,,,
,DH.2021.0031,WASS.2021.0047,N/A,Crustacean,Carcinus maenas,European Green Crab,5/25/2021,5/25/2021,25,5,2021,San Juan Islands,Drayton Harbor,N/A,Dakota Creek,Core,Whatcom,48.973679,-122.734071,Actual,Male,82,N/A,"R1,3",Yellow,N/A,Live,No,,Fukui,141-Y,C.DC.14,Mackerel,WDFW,888-WDFW-AIS,AIS@dfw.wa.gov,"Lindsey Parker, WDFW",Specimen,N/A,Given to WSG,Parker WDFW,-,WDFW,,,,
,DH.2021.0032,WASS.2021.0048,N/A,Crustacean,Carcinus maenas,European Green Crab,5/25/2021,5/25/2021,25,5,2021,San Juan Islands,Drayton Harbor,N/A,Dakota Creek,Core,Whatcom,48.97378,-122.734431,Actual,Female,52,N/A,Good,Red/Orange,No,Live,No,,Fukui,1489-R,C.DC.16,Mackerel,WDFW,888-WDFW-AIS,AIS@dfw.wa.gov,"Lindsey Parker, WDFW",Specimen,N/A,Given to WSG,Parker WDFW,-,WDFW,,,,
,DH.2021.0033,WASS.2021.0049,N/A,Crustacean,Carcinus maenas,European Green Crab,5/25/2021,5/25/2021,25,5,2021,San Juan Islands,Drayton Harbor,N/A,Dakota Creek,Core,Whatcom,48.97379,-122.734804,Actual,Male,66,N/A,Good,Yellow,N/A,Live,No,,Fukui,619-P,C.DC.18,Mackerel,WDFW,888-WDFW-AIS,AIS@dfw.wa.gov,"Lindsey Parker, WDFW",Specimen,N/A,Given to WSG,Parker WDFW,-,WDFW,,,,
,DH.2021.0034,WASS.2021.0050,N/A,Crustacean,Carcinus maenas,European Green Crab,5/26/2021,5/26/2021,26,5,2021,San Juan Islands,Drayton Harbor,N/A,North,Core; Pillars,Whatcom,48.988841,-122.754293,Actual,Male,78,N/A,L1; R2,Orange,N/A,Live,Yes,,Fukui,609-P,C.P.16,Mackerel,WDFW,888-WDFW-AIS,AIS@dfw.wa.gov,"Lindsey Parker, WDFW",Specimen,N/A,Given to WSG,Parker WDFW,-,WDFW,"Changed coordinates, previous coordinates were for Dakota, not Pillars - AS",,,
,DH.2021.0035,WASS.2021.0051,N/A,Crustacean,Carcinus maenas,European Green Crab,5/27/2021,5/27/2021,27,5,2021,San Juan Islands,Drayton Harbor,N/A,North,Core; Pillars,Whatcom,48.988521,-122.753649,Actual,Female,54,N/A,Good,Orange,No,Live,No,,Fukui,194-Y,C.P.22,Mackerel,WDFW,888-WDFW-AIS,AIS@dfw.wa.gov,"Lindsey Parker, WDFW",Specimen,N/A,Given to WSG,Parker WDFW,-,WDFW,,,,
,DH.2021.0036,WASS.2021.0052,N/A,Crustacean,Carcinus maenas,European Green Crab,5/27/2021,5/27/2021,27,5,2021,San Juan Islands,Drayton Harbor,N/A,Dakota Creek,Index; Mouth,Whatcom,48.972405,-122.728691,Actual,Male,61,N/A,L1,Yellow,N/A,Live,No,,Fukui,581-P,I.DC.M.02,Mackerel,WDFW,888-WDFW-AIS,AIS@dfw.wa.gov,"Lindsey Parker, WDFW",Specimen,N/A,Given to WSG,Parker WDFW,-,WDFW,,,,
,DH.2021.0037,WASS.2021.0053,N/A,Crustacean,Carcinus maenas,European Green Crab,5/28/2021,5/28/2021,28,5,2021,San Juan Islands,Drayton Harbor,N/A,North,Core; Pillars,Whatcom,48.988774,-122.754242,Actual,Male,46,N/A,Ld1; Lr2,Yellow,N/A,Live,No,,Minnow,1400-P,C.P.17,Mackerel,WDFW,888-WDFW-AIS,AIS@dfw.wa.gov,"Lindsey Parker, WDFW",Specimen,N/A,Given to WSG,Parker WDFW,-,WDFW,,,,
,DH.2021.0038,WASS.2021.0081,N/A,Crustacean,Carcinus maenas,European Green Crab,6/9/2021,6/9/2021,9,6,2021,San Juan Islands,Drayton Harbor,N/A,North,Core; Pillars,Whatcom,48.988708,-122.754084,Actual,Female,64.5,N/A,Good,Green,No,Live,No,,Fukui,1489-R,C.P.18,Sardines,WDFW,888-WDFW-AIS,AIS@dfw.wa.gov,"Lindsey Parker, WDFW",Specimen,N/A,Given to WSG,Parker WDFW,-,WDFW,,,,
,DH.2021.0039,WASS.2021.0082,N/A,Crustacean,Carcinus maenas,European Green Crab,6/9/2021,6/9/2021,9,6,2021,San Juan Islands,Drayton Harbor,N/A,Dakota Creek,Core,Whatcom,48.97314,-122.732941,Actual,Female,73,N/A,Good,Green,No,Live,No,,Fukui,1177-Y,C.DC.08,Sardines,WDFW,888-WDFW-AIS,AIS@dfw.wa.gov,"Lindsey Parker, WDFW",Specimen,N/A,Given to WSG,Parker WDFW,-,WDFW,,,,
,DH.2021.0040,WASS.2021.0146,N/A,Crustacean,Carcinus maenas,European Green Crab,6/16/2021,6/16/2021,16,6,2021,San Juan Islands,Drayton Harbor,N/A,Dakota Creek,Core,Whatcom,48.973802,-122.735215,Actual,Female,71,N/A,Ld1; Rr1,Dark-Green,No,Live,No,,Fukui,104-Y,C.DC.20,Sardines,WDFW,888-WDFW-AIS,AIS@dfw.wa.gov,"Lindsey Parker, WDFW",Specimen,N/A,Given to WSG,Parker WDFW,-,WDFW,,,,
,DH.2021.0041,WASS.2021.0147,N/A,Crustacean,Carcinus maenas,European Green Crab,6/16/2021,6/16/2021,16,6,2021,San Juan Islands,Drayton Harbor,N/A,Dakota Creek,Core,Whatcom,48.973802,-122.735215,Actual,Male,65,N/A,Ld1,Yellow,N/A,Live,No,,Fukui,104-Y,C.DC.20,Sardines,WDFW,888-WDFW-AIS,AIS@dfw.wa.gov,"Lindsey Parker, WDFW",Specimen,N/A,Given to WSG,Parker WDFW,-,WDFW,No barnacles verified by photos as it was not on datasheet - AS,,,
,DH.2021.0042,WASS.2021.0148,N/A,Crustacean,Carcinus maenas,European Green Crab,6/23/2021,6/23/2021,23,6,2021,San Juan Islands,Drayton Harbor,N/A,Dakota Creek,Core,Whatcom,48.973679,-122.734071,Actual,Male,60,N/A,Lr1; Rr1,Yellow,N/A,Live,No,,Fukui,1187-Y,C.DC.14,Sardines,WDFW,888-WDFW-AIS,AIS@dfw.wa.gov,"Lindsey Parker, WDFW",Specimen,N/A,Given to WSG,Parker WDFW,-,WDFW,Color verified by photos as it was not on datasheet - AS,,,
,DH.2021.0043,WASS.2021.0149,N/A,Crustacean,Carcinus maenas,European Green Crab,6/23/2021,6/23/2021,23,6,2021,San Juan Islands,Drayton Harbor,N/A,Dakota Creek,Core,Whatcom,48.97378,-122.734431,Actual,Female,50,N/A,Good,Dark-Green,No,Live,No,,Fukui,1181-Y,C.DC.16,Sardines,WDFW,888-WDFW-AIS,AIS@dfw.wa.gov,"Lindsey Parker, WDFW",Specimen,N/A,Given to WSG,Parker WDFW,-,WDFW,,,,
,DH.2021.0044,WASS.2021.0150,N/A,Crustacean,Carcinus maenas,European Green Crab,6/23/2021,6/23/2021,23,6,2021,San Juan Islands,Drayton Harbor,N/A,Dakota Creek,Core,Whatcom,48.97379,-122.734804,Actual,Male,85,N/A,"Rd1,5",Yellow,N/A,Live,No,,Fukui,184-Y,C.DC.18,Sardines,WDFW,888-WDFW-AIS,AIS@dfw.wa.gov,"Lindsey Parker, WDFW",Specimen,N/A,Given to WSG,Parker WDFW,-,WDFW,,,,
,DH.2021.0045,WASS.2021.0151,N/A,Crustacean,Carcinus maenas,European Green Crab,6/23/2021,6/23/2021,23,6,2021,San Juan Islands,Drayton Harbor,N/A,Dakota Creek,Core,Whatcom,48.973802,-122.735215,Actual,Male,80,N/A,Ld1; R2,Red/Orange,N/A,Live - Ld2 lesion,Yes,,Fukui,609-P,C.DC.20,Sardines,WDFW,888-WDFW-AIS,AIS@dfw.wa.gov,"Lindsey Parker, WDFW",Specimen,N/A,Given to WSG,Parker WDFW,Epibionts,WDFW,,,,
,DH.2021.0046,WASS.2021.0152,N/A,Crustacean,Carcinus maenas,European Green Crab,6/23/2021,6/23/2021,23,6,2021,San Juan Islands,Drayton Harbor,N/A,Dakota Creek,Core,Whatcom,48.973802,-122.735215,Actual,Male,84.5,N/A,R5,Yellow,N/A,Live,Yes,,Fukui,609-P,C.DC.20,Sardines,WDFW,888-WDFW-AIS,AIS@dfw.wa.gov,"Lindsey Parker, WDFW",Specimen,N/A,Given to WSG,Parker WDFW,Epibionts; Gills on left side exposed or foreign egg mass?,WDFW,,,,
,DH.2021.0047,WASS.2021.0153,N/A,Crustacean,Carcinus maenas,European Green Crab,6/29/2021,6/29/2021,29,6,2021,San Juan Islands,Drayton Harbor,N/A,North,Core; Pillars,Whatcom,48.988806,-122.754227,Estimated,Male,81.5,N/A,"Ld1,3,4; Rd3,4",Red/Orange,N/A,Live,Yes,,Hand,N/A,-,N/A,WDFW,888-WDFW-AIS,AIS@dfw.wa.gov,"Lindsey Parker, WDFW",Specimen,N/A,Given to WSG,Parker WDFW,Epibionts,WDFW,,,,
,DH.2021.0048,WASS.2021.0154,N/A,Crustacean,Carcinus maenas,European Green Crab,6/30/2021,6/30/2021,30,6,2021,San Juan Islands,Drayton Harbor,N/A,Central,"Subtidal Survey; Subtidal 1; Furthest set to the east, nearing Dakota Creek",Whatcom,48.97269,-122.75078,Actual,Male,79.5,N/A,Good,Red/Orange,N/A,Live,Yes,,Shrimp,S.1.B,-,Mackerel,WDFW,888-WDFW-AIS,AIS@dfw.wa.gov,"Lindsey Parker, WDFW",Specimen,N/A,Given to WSG,Parker WDFW,Epibionts,WDFW,,,,
,DH.2021.0049,WASS.2021.0155,N/A,Crustacean,Carcinus maenas,European Green Crab,6/30/2021,6/30/2021,30,6,2021,San Juan Islands,Drayton Harbor,N/A,North,Core; Pillars,Whatcom,48.988711,-122.754834,Actual,Female,60,N/A,Ld1; Rd1,Red/Orange,No,Live,Yes,,Fukui,1195-Y,C.P.13,Mackerel,WDFW,888-WDFW-AIS,AIS@dfw.wa.gov,"Lindsey Parker, WDFW",Specimen,N/A,Given to WSG,Parker WDFW,Epibionts,WDFW,,,,
,DH.2021.0050,WASS.2021.0156,N/A,Crustacean,Carcinus maenas,European Green Crab,7/7/2021,7/7/2021,7,7,2021,San Juan Islands,Drayton Harbor,N/A,Dakota Creek,Core,Whatcom,48.97379,-122.734804,Actual,Male,85,N/A,"Ld1; R1,2; Rd3",Yellow,N/A,Live,Yes,,Fukui,1195-Y,C.DC.18,Mackerel,WDFW,888-WDFW-AIS,AIS@dfw.wa.gov,"Lindsey Parker, WDFW",Specimen,N/A,Given to WSG,Parker WDFW,Epibionts,WDFW,,,,
,DH.2021.0051,WASS.2021.0157,N/A,Crustacean,Carcinus maenas,European Green Crab,7/9/2021,7/9/2021,9,7,2021,San Juan Islands,Drayton Harbor,N/A,Dakota Creek,Core,Whatcom,48.97379,-122.734804,Actual,Female,58,N/A,Good,Green,No,Live,No,,Fukui,1195-Y,C.DC.18,Mackerel,WDFW,888-WDFW-AIS,AIS@dfw.wa.gov,"Lindsey Parker, WDFW",Specimen,N/A,Given to WSG,Parker WDFW,-,WDFW,,,,
,DH.2021.0052,WASS.2021.0170,N/A,Crustacean,Carcinus maenas,European Green Crab,8/3/2021,8/3/2021,3,8,2021,San Juan Islands,Drayton Harbor,N/A,Dakota Creek,Core,Whatcom,48.972787,-122.732185,Actual,Female,69,N/A,Rr1,Yellow,No,Live,No,,Fukui,619-P,C.DC.04,Mackerel,WDFW,888-WDFW-AIS,AIS@dfw.wa.gov,"Lindsey Parker, WDFW",Specimen,N/A,Given to WSG,Parker WDFW,-,WDFW,,,,
,DH.2021.0053,WASS.2021.0171,N/A,Crustacean,Carcinus maenas,European Green Crab,8/3/2021,8/3/2021,3,8,2021,San Juan Islands,Drayton Harbor,N/A,Dakota Creek,Core,Whatcom,48.973137,-122.732941,Actual,Female,59,N/A,Good,Yellow,No,Live,No,,Fukui,1436-R,C.DC.08,Mackerel,WDFW,888-WDFW-AIS,AIS@dfw.wa.gov,"Lindsey Parker, WDFW",Specimen,N/A,Given to WSG,Parker WDFW,-,WDFW,,,,
,DH.2021.0054,WASS.2021.0172,N/A,Crustacean,Carcinus maenas,European Green Crab,8/3/2021,8/3/2021,3,8,2021,San Juan Islands,Drayton Harbor,N/A,Dakota Creek,Core,Whatcom,48.973137,-122.732941,Actual,Female,58,N/A,"Rr1,3",Green,No,Live,No,,Fukui,1436-R,C.DC.08,Mackerel,WDFW,888-WDFW-AIS,AIS@dfw.wa.gov,"Lindsey Parker, WDFW",Specimen,N/A,Given to WSG,Parker WDFW,-,WDFW,,,,
,DH.2021.0055,WASS.2021.0173,N/A,Crustacean,Carcinus maenas,European Green Crab,8/3/2021,8/3/2021,3,8,2021,San Juan Islands,Drayton Harbor,N/A,Dakota Creek,Core,Whatcom,48.973137,-122.732941,Actual,Female,58,N/A,Good,Green,No,Live,No,,Fukui,1436-R,C.DC.08,Mackerel,WDFW,888-WDFW-AIS,AIS@dfw.wa.gov,"Lindsey Parker, WDFW",Specimen,N/A,Given to WSG,Parker WDFW,-,WDFW,,,,
,DH.2021.0056,WASS.2021.0175,N/A,Crustacean,Carcinus maenas,European Green Crab,8/18/2021,8/18/2021,18,8,2021,San Juan Islands,Drayton Harbor,N/A,North,Core; Pillars,Whatcom,48.988945,-122.755304,Actual,Female,72,N/A,Good,Yellow,No,Live,No,,Fukui,133-Y,C.P.06,Mackerel,WDFW,888-WDFW-AIS,AIS@dfw.wa.gov,"Lindsey Parker, WDFW",Specimen,N/A,Given to WSG,Parker WDFW,-,WDFW,,,,
,DH.2021.0057,WASS.2021.0176,N/A,Crustacean,Carcinus maenas,European Green Crab,8/18/2021,8/18/2021,18,8,2021,San Juan Islands,Drayton Harbor,N/A,North,Core; Pillars,Whatcom,48.988945,-122.755304,Actual,Male,68,N/A,Rd3,Yellow,N/A,Live,No,,Fukui,133-Y,C.P.06,Mackerel,WDFW,888-WDFW-AIS,AIS@dfw.wa.gov,"Lindsey Parker, WDFW",Specimen,N/A,Given to WSG,Parker WDFW,-,WDFW,,,,
,DH.2021.0058,WASS.2021.0177,N/A,Crustacean,Carcinus maenas,European Green Crab,8/18/2021,8/18/2021,18,8,2021,San Juan Islands,Drayton Harbor,N/A,North,Core; Pillars,Whatcom,48.988945,-122.755304,Actual,Female,63.5,N/A,Good,Green,No,Live,No,,Fukui,133-Y,C.P.06,Mackerel,WDFW,888-WDFW-AIS,AIS@dfw.wa.gov,"Lindsey Parker, WDFW",Specimen,N/A,Given to WSG,Parker WDFW,-,WDFW,,,,
,DH.2021.0059,WASS.2021.0178,N/A,Crustacean,Carcinus maenas,European Green Crab,8/18/2021,8/18/2021,18,8,2021,San Juan Islands,Drayton Harbor,N/A,North,Core; Pillars,Whatcom,48.988945,-122.755304,Actual,Male,64,N/A,Good,Yellow,N/A,Live,No,,Fukui,133-Y,C.P.06,Mackerel,WDFW,888-WDFW-AIS,AIS@dfw.wa.gov,"Lindsey Parker, WDFW",Specimen,N/A,Given to WSG,Parker WDFW,-,WDFW,,,,
,DH.2021.0060,WASS.2021.0179,N/A,Crustacean,Carcinus maenas,European Green Crab,8/18/2021,8/18/2021,18,8,2021,San Juan Islands,Drayton Harbor,N/A,North,Core; Pillars,Whatcom,48.988945,-122.755304,Actual,Male,72,N/A,Good,Yellow,N/A,Live,No,,Fukui,133-Y,C.P.06,Mackerel,WDFW,888-WDFW-AIS,AIS@dfw.wa.gov,"Lindsey Parker, WDFW",Specimen,N/A,Given to WSG,Parker WDFW,-,WDFW,,,,
,DH.2021.0061,WASS.2021.0180,N/A,Crustacean,Carcinus maenas,European Green Crab,8/18/2021,8/18/2021,18,8,2021,San Juan Islands,Drayton Harbor,N/A,North,Core; Pillars,Whatcom,48.989406,-122.754144,Actual,Male,64,N/A,Lr1; Rr1,Yellow,N/A,Live,No,,Fukui,1436-R,C.P.23,Mackerel,WDFW,888-WDFW-AIS,AIS@dfw.wa.gov,"Lindsey Parker, WDFW",Specimen,N/A,Given to WSG,Parker WDFW,-,WDFW,,,,
,DH.2021.0062,WASS.2021.0181,N/A,Crustacean,Carcinus maenas,European Green Crab,8/18/2021,8/18/2021,18,8,2021,San Juan Islands,Drayton Harbor,N/A,North,Core; Pillars,Whatcom,48.989406,-122.754144,Actual,Female,50,N/A,Good,Light-Orange,No,Live,No,,Fukui,1436-R,C.P.23,Mackerel,WDFW,888-WDFW-AIS,AIS@dfw.wa.gov,"Lindsey Parker, WDFW",Specimen,N/A,Given to WSG,Parker WDFW,-,WDFW,,,,
,DH.2021.0063,WASS.2021.0182,N/A,Crustacean,Carcinus maenas,European Green Crab,8/18/2021,8/18/2021,18,8,2021,San Juan Islands,Drayton Harbor,N/A,Dakota Creek,Core,Whatcom,48.973137,-122.732941,Actual,Female,58,N/A,Good,Green,No,Live,No,,Fukui,1495-R,C.DC.08,Mackerel,WDFW,888-WDFW-AIS,AIS@dfw.wa.gov,"Lindsey Parker, WDFW",Specimen,N/A,Given to WSG,Parker WDFW,-,WDFW,,,,
,DH.2021.0064,WASS.2021.0183,N/A,Crustacean,Carcinus maenas,European Green Crab,8/18/2021,8/18/2021,18,8,2021,San Juan Islands,Drayton Harbor,N/A,Dakota Creek,Core,Whatcom,48.973324,-122.733318,Actual,Male,70,N/A,Lr5,Yellow,N/A,Live,No,,Fukui,1451-R,C.DC.10,Mackerel,WDFW,888-WDFW-AIS,AIS@dfw.wa.gov,"Lindsey Parker, WDFW",Specimen,N/A,Given to WSG,Parker WDFW,-,WDFW,,,,
,DH.2021.0065,WASS.2021.0184,N/A,Crustacean,Carcinus maenas,European Green Crab,8/18/2021,8/18/2021,18,8,2021,San Juan Islands,Drayton Harbor,N/A,Dakota Creek,Core,Whatcom,48.973525,-122.733689,Actual,Male,67,N/A,Good,Orange,N/A,Live,No,,Fukui,148-Y,C.DC.12,Mackerel,WDFW,888-WDFW-AIS,AIS@dfw.wa.gov,"Lindsey Parker, WDFW",Specimen,N/A,Given to WSG,Parker WDFW,-,WDFW,,,,
,DH.2021.0066,WASS.2021.0185,N/A,Crustacean,Carcinus maenas,European Green Crab,8/18/2021,8/18/2021,18,8,2021,San Juan Islands,Drayton Harbor,N/A,Dakota Creek,Core,Whatcom,48.973679,-122.734071,Actual,Male,72,N/A,Good,Yellow,N/A,Live,No,,Fukui,1445-R,C.DC.14,Mackerel,WDFW,888-WDFW-AIS,AIS@dfw.wa.gov,"Lindsey Parker, WDFW",Specimen,N/A,Given to WSG,Parker WDFW,-,WDFW,,,,
,DH.2021.0067,WASS.2021.0186,N/A,Crustacean,Carcinus maenas,European Green Crab,8/18/2021,8/18/2021,18,8,2021,San Juan Islands,Drayton Harbor,N/A,Dakota Creek,Core,Whatcom,48.97378,-122.734431,Actual,Male,71,N/A,Rd4,Yellow,N/A,Live,No,,Fukui,1461-R,C.DC.16,Mackerel,WDFW,888-WDFW-AIS,AIS@dfw.wa.gov,"Lindsey Parker, WDFW",Specimen,N/A,Given to WSG,Parker WDFW,-,WDFW,,,,
,DH.2021.0068,WASS.2021.0187,N/A,Crustacean,Carcinus maenas,European Green Crab,8/18/2021,8/18/2021,18,8,2021,San Juan Islands,Drayton Harbor,N/A,Dakota Creek,Core,Whatcom,48.97378,-122.734431,Actual,Female,60,N/A,Ld1,Green,No,Live,No,,Fukui,1461-R,C.DC.16,Mackerel,WDFW,888-WDFW-AIS,AIS@dfw.wa.gov,"Lindsey Parker, WDFW",Specimen,N/A,Given to WSG,Parker WDFW,-,WDFW,,,,
,DH.2021.0069,WASS.2021.0188,N/A,Crustacean,Carcinus maenas,European Green Crab,8/18/2021,8/18/2021,18,8,2021,San Juan Islands,Drayton Harbor,N/A,Dakota Creek,Core,Whatcom,48.97378,-122.734431,Actual,Female,64,N/A,Rr1,Green,No,Live,No,,Fukui,1461-R,C.DC.16,Mackerel,WDFW,888-WDFW-AIS,AIS@dfw.wa.gov,"Lindsey Parker, WDFW",Specimen,N/A,Given to WSG,Parker WDFW,-,WDFW,,,,
,DH.2021.0070,WASS.2021.0202,N/A,Crustacean,Carcinus maenas,European Green Crab,8/19/2021,8/19/2021,19,8,2021,San Juan Islands,Drayton Harbor,N/A,Dakota Creek,Core,Whatcom,48.97378,-122.734431,Actual,Female,66,N/A,Rr2,Green,No,Live,No,,Fukui,1461-R,C.DC.16,Mackerel,WDFW,888-WDFW-AIS,AIS@dfw.wa.gov,"Lindsey Parker, WDFW",Specimen,N/A,Given to WSG,Parker WDFW,-,WDFW,,,,
,DH.2021.0071,WASS.2021.0191,N/A,Crustacean,Carcinus maenas,European Green Crab,8/24/2021,8/24/2021,24,8,2021,San Juan Islands,Drayton Harbor,N/A,Dakota Creek,Grid Survey; G3,Whatcom,48.973848,-122.735185,Actual,Male,83,N/A,R1,Red/Orange,NA,Live,No,2019,Shrimp,2-G3,-,Mackerel,WSG,206.616.3368,egrason@uw.edu,"Emily Grason, WSG",Specimen,N/A,Given to WSG,Parker WDFW,-,WDFW,,,,
,DH.2021.0072,WASS.2021.0192,N/A,Crustacean,Carcinus maenas,European Green Crab,8/24/2021,8/24/2021,24,8,2021,San Juan Islands,Drayton Harbor,N/A,Dakota Creek,Grid Survey; G3,Whatcom,48.973848,-122.735185,Actual,Male,69,N/A,None,Yellow Orange,NA,Live,No,,Shrimp,2-G3,-,Mackerel,WSG,206.616.3368,egrason@uw.edu,"Emily Grason, WSG",Specimen,N/A,Given to WSG,Parker WDFW,-,WDFW,,,,
,DH.2021.0073,WASS.2021.0193,N/A,Crustacean,Carcinus maenas,European Green Crab,8/24/2021,8/24/2021,24,8,2021,San Juan Islands,Drayton Harbor,N/A,Dakota Creek,Grid Survey; G3,Whatcom,48.973848,-122.735185,Actual,Male,71,N/A,None,Yellow,NA,Live,No,,Shrimp,2-G3,-,Mackerel,WSG,206.616.3368,egrason@uw.edu,"Emily Grason, WSG",Specimen,N/A,Given to WSG,Parker WDFW,-,WDFW,,,,
,DH.2021.0074,WASS.2021.0194,N/A,Crustacean,Carcinus maenas,European Green Crab,8/24/2021,8/24/2021,24,8,2021,San Juan Islands,Drayton Harbor,N/A,Dakota Creek,Grid Survey; G3,Whatcom,48.973848,-122.735185,Actual,Female,76,N/A,None,Yellow,No,Live,No,2019,Shrimp,2-G3,-,Mackerel,WSG,206.616.3368,egrason@uw.edu,"Emily Grason, WSG",Specimen,N/A,Given to WSG,Parker WDFW,-,WDFW,,,,
,DH.2021.0075,WASS.2021.0195,N/A,Crustacean,Carcinus maenas,European Green Crab,8/24/2021,8/24/2021,24,8,2021,San Juan Islands,Drayton Harbor,N/A,Dakota Creek,Grid Survey; G3,Whatcom,48.973823,-122.734634,Actual,Male,72,N/A,Lr1,Yellow Orange,NA,Live,No,,Shrimp,1-G3,-,Mackerel,WSG,206.616.3368,egrason@uw.edu,"Emily Grason, WSG",Specimen,N/A,Given to WSG,Parker WDFW,-,WDFW,,,,
,DH.2021.0076,WASS.2021.0196,N/A,Crustacean,Carcinus maenas,European Green Crab,8/25/2021,8/25/2021,25,8,2021,San Juan Islands,Drayton Harbor,N/A,Dakota Creek,Grid Survey; G3,Whatcom,48.973848,-122.735185,Actual,Male,77,N/A,None,Yellow,NA,Live,No,,Shrimp,2-G3,-,Mackerel,WSG,206.616.3368,egrason@uw.edu,"Emily Grason, WSG",Specimen,N/A,Given to WSG,Parker WDFW,-,WDFW,,,,
,DH.2021.0077,WASS.2021.0197,N/A,Crustacean,Carcinus maenas,European Green Crab,8/25/2021,8/25/2021,25,8,2021,San Juan Islands,Drayton Harbor,N/A,Central,"Grid Survey; Subtidal Zone, B8",Whatcom,48.973027,-122.749451,Actual,Male,84,N/A,None,Red Orange,NA,Live,Yes,2019,Shrimp,4-B8,-,Mackerel,WSG,206.616.3368,egrason@uw.edu,"Emily Grason, WSG",Specimen,N/A,Given to WSG,Parker WDFW,-,WDFW,,,,
,DH.2021.0078,WASS.2021.0198,N/A,Crustacean,Carcinus maenas,European Green Crab,8/25/2021,8/25/2021,25,8,2021,San Juan Islands,Drayton Harbor,N/A,Central,"Grid Survey; Subtidal Zone, B8",Whatcom,48.973027,-122.749451,Actual,Female,69,N/A,Rd1,Yellow,No,Live,No,,Shrimp,4-B8,-,Mackerel,WSG,206.616.3368,egrason@uw.edu,"Emily Grason, WSG",Specimen,N/A,Given to WSG,Parker WDFW,-,WDFW,,,,
,DH.2021.0079,WASS.2021.0199,N/A,Crustacean,Carcinus maenas,European Green Crab,8/25/2021,8/25/2021,25,8,2021,San Juan Islands,Drayton Harbor,N/A,Central,"Grid Survey; Subtidal Zone, B8",Whatcom,48.973027,-122.749451,Actual,Female,65,N/A,Rd1,Red Orange,No,Live,Yes,,Shrimp,4-B8,-,Mackerel,WSG,206.616.3368,egrason@uw.edu,"Emily Grason, WSG",Specimen,N/A,Given to WSG,Parker WDFW,-,WDFW,,,,
,DH.2021.0080,WASS.2021.0200,N/A,Crustacean,Carcinus maenas,European Green Crab,8/26/2021,8/26/2021,26,8,2021,San Juan Islands,Drayton Harbor,N/A,Dakota Creek,Grid Survey; G3,Whatcom,48.973823,-122.734634,Actual,Female,66,N/A,None,Green,No,Live,No,,Shrimp,1-G3,-,Mackerel,WSG,206.616.3368,egrason@uw.edu,"Emily Grason, WSG",Specimen,N/A,Given to WSG,Parker WDFW,-,WDFW,,,,
,DH.2021.0081,WASS.2021.0201,N/A,Crustacean,Carcinus maenas,European Green Crab,8/26/2021,8/26/2021,26,8,2021,San Juan Islands,Drayton Harbor,N/A,Dakota Creek,Grid Survey; G3,Whatcom,48.973823,-122.734634,Actual,Female,60,N/A,R2,Orange,No,Live,No,,Shrimp,1-G3,-,Mackerel,WSG,206.616.3368,egrason@uw.edu,"Emily Grason, WSG",Specimen,N/A,Given to WSG,Parker WDFW,-,WDFW,,,,
,DH.2021.0082,WASS.2021.0203,N/A,Crustacean,Carcinus maenas,European Green Crab,9/2/2021,9/2/2021,2,9,2021,San Juan Islands,Drayton Harbor,N/A,Dakota Creek,G3,Whatcom,48.973737,-122.735558,Actual,Male,83,N/A,R5,Light-Orange,N/A,Live,No,,Shrimp,1116-B,-,Mackerel,NWSC,360.481.9253,simpson@nwstraits.org,"Alexandra Simpson, NWSC",Specimen,N/A,Given to WSG,Parker WDFW,-,WDFW,,,,
,DH.2021.0083,WASS.2021.0204,N/A,Crustacean,Carcinus maenas,European Green Crab,9/2/2021,9/2/2021,2,9,2021,San Juan Islands,Drayton Harbor,N/A,Dakota Creek,G3,Whatcom,48.973638,-122.735563,Actual,Male,90,N/A,Ld2,Light-Orange,N/A,Live,No,,Shrimp,164-P,-,Mackerel,NWSC,360.481.9253,simpson@nwstraits.org,"Alexandra Simpson, NWSC",Specimen,N/A,Given to WSG,Parker WDFW,-,WDFW,,,,
,DH.2021.0084,WASS.2021.0205,N/A,Crustacean,Carcinus maenas,European Green Crab,9/2/2021,9/2/2021,2,9,2021,San Juan Islands,Drayton Harbor,N/A,Dakota Creek,G3,Whatcom,48.973777,-122.73574,Actual,Male,88,N/A,Rd4,Light-Orange,N/A,Live,No,,Shrimp,1345-G,-,Mackerel,NWSC,360.481.9253,simpson@nwstraits.org,"Alexandra Simpson, NWSC",Specimen,N/A,Given to WSG,Parker WDFW,-,WDFW,,,,
,DH.2021.0085,WASS.2021.0206,N/A,Crustacean,Carcinus maenas,European Green Crab,9/2/2021,9/2/2021,2,9,2021,San Juan Islands,Drayton Harbor,N/A,Dakota Creek,G3,Whatcom,48.973764,-122.735937,Actual,Male,76,N/A,Ld3,Light-Orange,N/A,Live,No,,Shrimp,1107-B,-,Mackerel,NWSC,360.481.9253,simpson@nwstraits.org,"Alexandra Simpson, NWSC",Specimen,N/A,Given to WSG,Parker WDFW,-,WDFW,,,,
,DH.2021.0086,WASS.2021.0207,N/A,Crustacean,Carcinus maenas,European Green Crab,9/2/2021,9/2/2021,2,9,2021,San Juan Islands,Drayton Harbor,N/A,California Creek,Core,Whatcom,48.96175,-122.73419,Actual,Male,38,N/A,Good,Green,N/A,Live,No,2021,Minnow,180-Y,C.CC.08,Mackerel,NWSC,360.481.9253,simpson@nwstraits.org,"Alexandra Simpson, NWSC",Specimen,N/A,Given to WSG,Parker WDFW,-,WDFW,,,,
,DH.2021.0087,WASS.2021.0209,N/A,Crustacean,Carcinus maenas,European Green Crab,9/3/2021,9/3/2021,3,9,2021,San Juan Islands,Drayton Harbor,N/A,Dakota Creek,G3,Whatcom,48.973764,-122.735937,Actual,Female,72,N/A,Rd1,Red/Orange,No,Live,Yes,,Shrimp,1107-B,-,Mackerel,NWSC,360.481.9253,simpson@nwstraits.org,"Alexandra Simpson, NWSC",Specimen,N/A,Given to WSG,Simpson NWSC,-,WDFW,,,,
,DH.2021.0088,WASS.2021.0210,N/A,Crustacean,Carcinus maenas,European Green Crab,9/3/2021,9/3/2021,3,9,2021,San Juan Islands,Drayton Harbor,N/A,California Creek,Core,Whatcom,48.96152,-122.734306,Actual,Male,64,N/A,Good,Orange,N/A,Live,No,,Fukui,629-P,C.CC.11,Mackerel,NWSC,360.481.9253,simpson@nwstraits.org,"Alexandra Simpson, NWSC",Specimen,N/A,Given to WSG,Simpson NWSC,-,WDFW,,,,
,DH.2021.0089,WASS.2021.0212,N/A,Crustacean,Carcinus maenas,European Green Crab,9/8/2021,9/8/2021,8,9,2021,San Juan Islands,Drayton Harbor,N/A,Dakota Creek,Core,Whatcom,48.973324,-122.733318,Actual,Female,34,N/A,Good,Green,No,Live,No,,Fukui,133-Y,C.DC.10,Mackerel,NWSC,360.481.9253,simpson@nwstraits.org,"Alexandra Simpson, NWSC",Specimen,N/A,Given to WSG,Simpson NWSC,-,WDFW,,,,
,DH.2021.0090,WASS.2021.0213,N/A,Crustacean,Carcinus maenas,European Green Crab,9/8/2021,9/8/2021,8,9,2021,San Juan Islands,Drayton Harbor,N/A,Dakota Creek,Core,Whatcom,48.973324,-122.733318,Actual,Female,71,N/A,Lr1,Green,No,Live,No,,Fukui,133-Y,C.DC.10,Mackerel,NWSC,360.481.9253,simpson@nwstraits.org,"Alexandra Simpson, NWSC",Specimen,N/A,Given to WSG,Simpson NWSC,-,WDFW,,,,
,DH.2021.0091,WASS.2021.0214,N/A,Crustacean,Carcinus maenas,European Green Crab,9/8/2021,9/8/2021,8,9,2021,San Juan Islands,Drayton Harbor,N/A,Dakota Creek,Core,Whatcom,48.972464,-122.731907,Actual,Female,67,N/A,L1,Orange,No,Live,Yes,,Fukui,1179-Y,C.DC.02,Mackerel,NWSC,360.481.9253,simpson@nwstraits.org,"Alexandra Simpson, NWSC",Specimen,N/A,Given to WSG,Simpson NWSC,-,WDFW,,,,
,DH.2021.0092,WASS.2021.0215,N/A,Crustacean,Carcinus maenas,European Green Crab,9/9/2021,9/9/2021,9,9,2021,San Juan Islands,Drayton Harbor,N/A,North,South of Pillars after C.P.22,Whatcom,48.9889986,-122.7551556,Actual,Male,73,N/A,Ld4; Rd1,Green,N/A,Live,No,,Shrimp,133-P,-,Mackerel,NWSC,360.481.9253,simpson@nwstraits.org,"Alexandra Simpson, NWSC",Specimen,N/A,Given to WSG,Simpson NWSC,-,WDFW,,,,
,DH.2021.0093,WASS.2021.0216,N/A,Crustacean,Carcinus maenas,European Green Crab,9/9/2021,9/9/2021,9,9,2021,San Juan Islands,Drayton Harbor,N/A,North,South of Pillars after C.P.22,Whatcom,48.988339,-122.753522,Actual,Male,69,N/A,Good,Light-Orange,N/A,Live,No,,Shrimp,164-P,-,Mackerel,NWSC,360.481.9253,simpson@nwstraits.org,"Alexandra Simpson, NWSC",Specimen,N/A,Given to WSG,Simpson NWSC,-,WDFW,,,,
,DH.2021.0094,WASS.2021.0217,N/A,Crustacean,Carcinus maenas,European Green Crab,9/9/2021,9/9/2021,9,9,2021,San Juan Islands,Drayton Harbor,N/A,Dakota Creek,G3,Whatcom,48.973641,-122.735643,Actual,Male,76,N/A,Rd2,Light-Orange,N/A,Live,No,,Shrimp,1325-G,-,Mackerel,NWSC,360.481.9253,simpson@nwstraits.org,"Alexandra Simpson, NWSC",Specimen,N/A,Given to WSG,Simpson NWSC,-,WDFW,,,,
,DH.2021.0095,WASS.2021.0218,N/A,Crustacean,Carcinus maenas,European Green Crab,9/9/2021,9/9/2021,9,9,2021,San Juan Islands,Drayton Harbor,N/A,Dakota Creek,G3,Whatcom,48.973797,-122.7354672,Actual,Male,70,N/A,L1; Ld3; Rd5,Orange,N/A,Live,No,,Shrimp,1153-Pk,-,Mackerel,NWSC,360.481.9253,simpson@nwstraits.org,"Alexandra Simpson, NWSC",Specimen,N/A,Given to WSG,Simpson NWSC,-,WDFW,,,,
,DH.2021.0096,WASS.2021.0219,N/A,Crustacean,Carcinus maenas,European Green Crab,9/9/2021,9/9/2021,9,9,2021,San Juan Islands,Drayton Harbor,N/A,Dakota Creek,G3,Whatcom,48.973787,-122.735304,Actual,Male,75,N/A,Lr1; Rr1,Green,N/A,Live,No,,Shrimp,1154-Pk,-,Mackerel,NWSC,360.481.9253,simpson@nwstraits.org,"Alexandra Simpson, NWSC",Specimen,N/A,Given to WSG,Simpson NWSC,-,WDFW,,,,
,DH.2021.0097,WASS.2021.0220,N/A,Crustacean,Carcinus maenas,European Green Crab,9/9/2021,9/9/2021,9,9,2021,San Juan Islands,Drayton Harbor,N/A,Dakota Creek,G3,Whatcom,48.973787,-122.735304,Actual,Male,70,N/A,"Ld1,2,3,4; Rd1,2,4,5",Red/Orange,N/A,Live - Ld4 lesion,Yes,,Shrimp,1154-Pk,-,Mackerel,NWSC,360.481.9253,simpson@nwstraits.org,"Alexandra Simpson, NWSC",Specimen,N/A,Given to WSG,Simpson NWSC,-,WDFW,,,,
,DH.2021.0098,WASS.2021.0225,N/A,Crustacean,Carcinus maenas,European Green Crab,9/14/2021,9/14/2021,14,9,2021,San Juan Islands,Drayton Harbor,N/A,Dakota Creek,G3,Whatcom,48.973641,-122.735643,Actual,Female,73.5,N/A,L1,Green,No,Live - ventral lesion,No,,Shrimp,1154-Pk,-,Mackerel,NWSC,360.481.9253,simpson@nwstraits.org,"Alexandra Simpson, NWSC",Specimen,N/A,Given to WSG,Simpson NWSC,-,WDFW,,,,
,DH.2021.0099,WASS.2021.0226,N/A,Crustacean,Carcinus maenas,European Green Crab,9/14/2021,9/14/2021,14,9,2021,San Juan Islands,Drayton Harbor,N/A,Dakota Creek,G3,Whatcom,48.973797,-122.7354672,Actual,Male,72,N/A,Rr2,Light-Green,N/A,Live,No,,Shrimp,1153-Pk,-,Mackerel,NWSC,360.481.9253,simpson@nwstraits.org,"Alexandra Simpson, NWSC",Specimen,N/A,Given to WSG,Simpson NWSC,-,WDFW,,,,
,DH.2021.0100,WASS.2021.0227,N/A,Crustacean,Carcinus maenas,European Green Crab,9/14/2021,9/14/2021,14,9,2021,San Juan Islands,Drayton Harbor,N/A,Dakota Creek,G3,Whatcom,48.973797,-122.7354672,Actual,Male,78,N/A,"Lr1, Ld2",Green,N/A,Live,No,,Shrimp,1153-Pk,-,Mackerel,NWSC,360.481.9253,simpson@nwstraits.org,"Alexandra Simpson, NWSC",Specimen,N/A,Given to WSG,Simpson NWSC,-,WDFW,,,,
,DH.2021.0101,WASS.2021.0228,N/A,Crustacean,Carcinus maenas,European Green Crab,9/14/2021,9/14/2021,14,9,2021,San Juan Islands,Drayton Harbor,N/A,Dakota Creek,G3,Whatcom,48.973787,-122.735303,Actual,Male,79,N/A,Good,Light-Green,N/A,Live,No,,Shrimp,1325-G,-,Mackerel,NWSC,360.481.9253,simpson@nwstraits.org,"Alexandra Simpson, NWSC",Specimen,N/A,Given to WSG,Simpson NWSC,-,WDFW,,,,
,DH.2021.0102,WASS.2021.0229,N/A,Crustacean,Carcinus maenas,European Green Crab,9/14/2021,9/14/2021,14,9,2021,San Juan Islands,Drayton Harbor,N/A,Dakota Creek,G3,Whatcom,48.973787,-122.735303,Actual,Male,68,N/A,Good,Light-Orange,N/A,Live,No,,Shrimp,1325-G,-,Mackerel,NWSC,360.481.9253,simpson@nwstraits.org,"Alexandra Simpson, NWSC",Specimen,N/A,Given to WSG,Simpson NWSC,-,WDFW,,,,
,DH.2021.0103,WASS.2021.0230,N/A,Crustacean,Carcinus maenas,European Green Crab,9/14/2021,9/14/2021,14,9,2021,San Juan Islands,Drayton Harbor,N/A,Dakota Creek,Core,Whatcom,48.972787,-122.732185,Actual,Female,75,N/A,"Rd2,4",Green,No,Live,No,,Fukui,1190-Y,C.DC.04,Mackerel,NWSC,360.481.9253,simpson@nwstraits.org,"Alexandra Simpson, NWSC",Specimen,N/A,Given to WSG,Simpson NWSC,-,WDFW,,,,
,DH.2021.0104,WASS.2021.0231,N/A,Crustacean,Carcinus maenas,European Green Crab,9/15/2021,9/15/2021,15,9,2021,San Juan Islands,Drayton Harbor,N/A,Dakota Creek,Core,Whatcom,48.973439,-122.733444,Actual,Male,31,N/A,Good,Light-Green,N/A,Live,No,,Minnow,687-P,C.DC.11,Mackerel,NWSC,360.481.9253,simpson@nwstraits.org,"Alexandra Simpson, NWSC",Specimen,N/A,Given to WSG,Simpson NWSC,-,WDFW,,,,
,DH.2021.0105,WASS.2021.0232,N/A,Crustacean,Carcinus maenas,European Green Crab,9/15/2021,9/15/2021,15,9,2021,San Juan Islands,Drayton Harbor,N/A,Dakota Creek,Core,Whatcom,48.97379,-122.734804,Actual,Female,67,N/A,Good,Green,No,Live,No,,Fukui,1193-Y,C.DC.18,Mackerel,NWSC,360.481.9253,simpson@nwstraits.org,"Alexandra Simpson, NWSC",Specimen,N/A,Given to WSG,Simpson NWSC,-,WDFW,,,,
,DH.2021.0106,WASS.2021.0234,N/A,Crustacean,Carcinus maenas,European Green Crab,9/16/2021,9/16/2021,16,9,2021,San Juan Islands,Drayton Harbor,N/A,Dakota Creek,G3,Whatcom,48.973797,-122.7354672,Actual,Female,62,N/A,Rd1,Orange,No,Live,No,,Shrimp,1153-Pk,-,Mackerel,NWSC,360.481.9253,simpson@nwstraits.org,"Alexandra Simpson, NWSC",Specimen,N/A,Given to WSG,Simpson NWSC,-,WDFW,,,,
,DH.2021.0107,WASS.2021.0235,N/A,Crustacean,Carcinus maenas,European Green Crab,9/16/2021,9/16/2021,16,9,2021,San Juan Islands,Drayton Harbor,N/A,Dakota Creek,G3,Whatcom,48.973797,-122.7354672,Actual,Male,85,N/A,Rd4,Light-Orange,N/A,Live,Yes,,Shrimp,1153-Pk,-,Mackerel,NWSC,360.481.9253,simpson@nwstraits.org,"Alexandra Simpson, NWSC",Specimen,N/A,Given to WSG,Simpson NWSC,-,WDFW,,,,
,DH.2021.0108,WASS.2021.0236,N/A,Crustacean,Carcinus maenas,European Green Crab,9/16/2021,9/16/2021,16,9,2021,San Juan Islands,Drayton Harbor,N/A,Dakota Creek,G3,Whatcom,48.973641,-122.735643,Actual,Male,74,N/A,Ld1,Orange,N/A,Live,No,,Shrimp,1154-Pk,-,Mackerel,NWSC,360.481.9253,simpson@nwstraits.org,"Alexandra Simpson, NWSC",Specimen,N/A,Given to WSG,Simpson NWSC,-,WDFW,,,,
,DH.2021.0109,WASS.2021.0237,N/A,Crustacean,Carcinus maenas,European Green Crab,9/16/2021,9/16/2021,16,9,2021,San Juan Islands,Drayton Harbor,N/A,Dakota Creek,G3,Whatcom,48.973641,-122.735643,Actual,Male,68,N/A,Lr1; Rr1,Yellow,N/A,Live - damaged abdomen,No,,Shrimp,1154-Pk,-,Mackerel,NWSC,360.481.9253,simpson@nwstraits.org,"Alexandra Simpson, NWSC",Specimen,N/A,Given to WSG,Simpson NWSC,-,WDFW,,,,
,DH.2021.0110,WASS.2021.0238,N/A,Crustacean,Carcinus maenas,European Green Crab,9/16/2021,9/16/2021,16,9,2021,San Juan Islands,Drayton Harbor,N/A,Dakota Creek,Dock,Whatcom,48.972558,-122.73217,Actual,Male,69,N/A,Rr1,Yellow,N/A,Live,Yes,,Shrimp,164-P,-,Mackerel,NWSC,360.481.9253,simpson@nwstraits.org,"Alexandra Simpson, NWSC",Specimen,N/A,Given to WSG,Simpson NWSC,-,WDFW,"GPS was inaccurate. Updated with lat/long where trap was actually placed. Original lat/long: 48.972461, -122.7352149 - AS",,,
,DH.2021.0111,WASS.2021.0239,N/A,Crustacean,Carcinus maenas,European Green Crab,9/16/2021,9/16/2021,16,9,2021,San Juan Islands,Drayton Harbor,N/A,California Creek,-,Whatcom,48.961825,-122.733198,Actual,Male,71,N/A,"L5,Ld4",Red/Orange,N/A,Live,Yes,,Shrimp,1399-G,-,Mackerel,NWSC,360.481.9253,simpson@nwstraits.org,"Alexandra Simpson, NWSC",Specimen,N/A,Given to WSG,Simpson NWSC,-,WDFW,,,,
,DH.2021.0112,WASS.2021.0240,N/A,Crustacean,Carcinus maenas,European Green Crab,9/16/2021,9/16/2021,16,9,2021,San Juan Islands,Drayton Harbor,N/A,California Creek,-,Whatcom,48.961627,-122.734341,Actual,Male,76,N/A,"Rr2, Rd2",Light-Green,N/A,Live,No,,Shrimp,1397-P,-,Mackerel,NWSC,360.481.9253,simpson@nwstraits.org,"Alexandra Simpson, NWSC",Specimen,N/A,Given to WSG,Simpson NWSC,-,WDFW,,,,
,DH.2021.0113,WASS.2021.0241,N/A,Crustacean,Carcinus maenas,European Green Crab,9/17/2021,9/17/2021,17,9,2021,San Juan Islands,Drayton Harbor,N/A,North,Pillars,Whatcom,48.98838,-122.753556,Actual,Male,84,N/A,"Rd1,5",Orange,N/A,Live,Yes,,Shrimp,133-P,-,Mackerel,NWSC,360.481.9253,simpson@nwstraits.org,"Alexandra Simpson, NWSC",Specimen,N/A,Given to WSG,Simpson NWSC,-,WDFW,,,,
,DH.2021.0114,WASS.2021.0242,N/A,Crustacean,Carcinus maenas,European Green Crab,9/17/2021,9/17/2021,17,9,2021,San Juan Islands,Drayton Harbor,N/A,Dakota Creek,G3,Whatcom,48.973641,-122.735643,Actual,Male,78.5,N/A,Lr2,Yellow,N/A,Live,No,,Shrimp,1154-Pk,-,Mackerel,NWSC,360.481.9253,simpson@nwstraits.org,"Alexandra Simpson, NWSC",Specimen,N/A,Given to WSG,Simpson NWSC,-,WDFW,,,,
,DH.2021.0115,WASS.2021.0243,N/A,Crustacean,Carcinus maenas,European Green Crab,9/17/2021,9/17/2021,17,9,2021,San Juan Islands,Drayton Harbor,N/A,Dakota Creek,Core,Whatcom,48.97374,-122.734239,Actual,Male,38,N/A,Ld4,Yellow,N/A,Live,No,,Minnow,1467-R,C.DC.15,Mackerel,NWSC,360.481.9253,simpson@nwstraits.org,"Alexandra Simpson, NWSC",Specimen,N/A,Given to WSG,Simpson NWSC,-,WDFW,,,,
,DH.2021.0116,WASS.2021.0244,N/A,Crustacean,Carcinus maenas,European Green Crab,9/17/2021,9/17/2021,17,9,2021,San Juan Islands,Drayton Harbor,N/A,Dakota Creek,Dock,Whatcom,48.972558,-122.73217,Actual,Male,83,N/A,Ld2,Orange,N/A,Live,No,,Shrimp,164-P,-,Mackerel,NWSC,360.481.9253,simpson@nwstraits.org,"Alexandra Simpson, NWSC",Specimen,N/A,Given to WSG,Simpson NWSC,-,WDFW,"GPS was inaccurate. Updated with lat/long where trap was actually placed. Original lat/long: 48.972461, -122.7352149 - AS",,,
,DH.2021.0117,WASS.2021.0245,N/A,Crustacean,Carcinus maenas,European Green Crab,9/17/2021,9/17/2021,17,9,2021,San Juan Islands,Drayton Harbor,N/A,Dakota Creek,Dock,Whatcom,48.972558,-122.73217,Actual,Male,76,N/A,Ld3,Light-Orange,N/A,Live - ventral lesion and L1 lesion,No,,Shrimp,164-P,-,Mackerel,NWSC,360.481.9253,simpson@nwstraits.org,"Alexandra Simpson, NWSC",Specimen,N/A,Given to WSG,Simpson NWSC,-,WDFW,"GPS was inaccurate. Updated with lat/long where trap was actually placed. Original lat/long: 48.972461, -122.7352149 - AS",,,
,DH.2021.0118,WASS.2021.0246,N/A,Crustacean,Carcinus maenas,European Green Crab,9/17/2021,9/17/2021,17,9,2021,San Juan Islands,Drayton Harbor,N/A,Dakota Creek,Dock,Whatcom,48.972558,-122.73217,Actual,Male,69,N/A,Good,Yellow,N/A,Live,No,,Shrimp,164-P,-,Mackerel,NWSC,360.481.9253,simpson@nwstraits.org,"Alexandra Simpson, NWSC",Specimen,N/A,Given to WSG,Simpson NWSC,-,WDFW,"GPS was inaccurate. Updated with lat/long where trap was actually placed. Original lat/long: 48.972461, -122.7352149 - AS",,,
,DH.2021.0119,WASS.2021.0247,N/A,Crustacean,Carcinus maenas,European Green Crab,9/17/2021,9/17/2021,17,9,2021,San Juan Islands,Drayton Harbor,N/A,Dakota Creek,Dock,Whatcom,48.972558,-122.73217,Actual,Female,61,N/A,Rd3,Green,No,Live,No,,Shrimp,164-P,-,Mackerel,NWSC,360.481.9253,simpson@nwstraits.org,"Alexandra Simpson, NWSC",Specimen,N/A,Given to WSG,Simpson NWSC,-,WDFW,"GPS was inaccurate. Updated with lat/long where trap was actually placed. Original lat/long: 48.972461, -122.7352149 - AS",,,
,DH.2021.0120,WASS.2021.0248,N/A,Crustacean,Carcinus maenas,European Green Crab,9/17/2021,9/17/2021,17,9,2021,San Juan Islands,Drayton Harbor,N/A,Dakota Creek,Dock,Whatcom,48.972538,-122.732108,Actual,Male,72,N/A,Good,Yellow,N/A,Live,No,,Shrimp,1116-B,-,Mackerel,NWSC,360.481.9253,simpson@nwstraits.org,"Alexandra Simpson, NWSC",Specimen,N/A,Given to WSG,Simpson NWSC,-,WDFW,,,,
,DH.2021.0121,WASS.2021.0249,N/A,Crustacean,Carcinus maenas,European Green Crab,9/17/2021,9/17/2021,17,9,2021,San Juan Islands,Drayton Harbor,N/A,Dakota Creek,Core,Whatcom,48.972464,-122.731907,Actual,Male,79.5,N/A,Ld3,Orange,N/A,Live,Yes,,Fukui,1194-Y,C.DC.02,Mackerel,NWSC,360.481.9253,simpson@nwstraits.org,"Alexandra Simpson, NWSC",Specimen,N/A,Given to WSG,Simpson NWSC,-,WDFW,,,,
,DH.2021.0122,WASS.2021.0250,N/A,Crustacean,Carcinus maenas,European Green Crab,9/17/2021,9/17/2021,17,9,2021,San Juan Islands,Drayton Harbor,N/A,California Creek,-,Whatcom,48.9611768,-122.7340379,Actual,Male,70,N/A,Good,Orange,N/A,Live,No,,Shrimp,197-P,-,Mackerel,NWSC,360.481.9253,simpson@nwstraits.org,"Alexandra Simpson, NWSC",Specimen,N/A,Given to WSG,Simpson NWSC,-,WDFW,,,,
,DH.2021.0123,WASS.2021.0251,N/A,Crustacean,Carcinus maenas,European Green Crab,9/17/2021,9/17/2021,17,9,2021,San Juan Islands,Drayton Harbor,N/A,California Creek,Core,Whatcom,48.961643,-122.734267,Actual,Male,70.5,N/A,Good,Yellow,N/A,Live,No,,Fukui,1491-R,C.CC.09,Mackerel,NWSC,360.481.9253,simpson@nwstraits.org,"Alexandra Simpson, NWSC",Specimen,N/A,Given to WSG,Simpson NWSC,-,WDFW,,,,
,DH.2021.0124,WASS.2021.0257,N/A,Crustacean,Carcinus maenas,European Green Crab,10/5/2021,10/5/2021,5,10,2021,San Juan Islands,Drayton Harbor,N/A,North,Pillars,Whatcom,48.988993,-122.755148,Actual,Male,70,N/A,Ld1,Green,N/A,Live,No,,Shrimp,1397-P,-,Mackerel,NWSC,360.481.9253,simpson@nwstraits.org,"Alexandra Simpson, NWSC",Specimen,N/A,Given to WSG,Simpson NWSC,-,WDFW,,,,
,DH.2021.0125,WASS.2021.0258,N/A,Crustacean,Carcinus maenas,European Green Crab,10/5/2021,10/5/2021,5,10,2021,San Juan Islands,Drayton Harbor,N/A,North,Pillars,Whatcom,48.988855,-122.755197,Actual,Male,79,N/A,Good,Orange,N/A,Live,No,,Shrimp,1116-B,-,Mackerel,NWSC,360.481.9253,simpson@nwstraits.org,"Alexandra Simpson, NWSC",Specimen,N/A,Given to WSG,Simpson NWSC,-,WDFW,,,,
,DH.2021.0126,WASS.2021.0259,N/A,Crustacean,Carcinus maenas,European Green Crab,10/5/2021,10/5/2021,5,10,2021,San Juan Islands,Drayton Harbor,N/A,North,Pillars,Whatcom,48.98852,-122.75372,Actual,Male,80,N/A,L1,Light-Orange,N/A,Live - ventral lesion,Yes,,"Shrimp - 1/2""",105-Y,-,Mackerel,NWSC,360.481.9253,simpson@nwstraits.org,"Alexandra Simpson, NWSC",Specimen,N/A,Given to WSG,Simpson NWSC,-,WDFW,,,,
,DH.2021.0127,WASS.2021.0260,N/A,Crustacean,Carcinus maenas,European Green Crab,10/5/2021,10/5/2021,5,10,2021,San Juan Islands,Drayton Harbor,N/A,California Creek,-,Whatcom,48.961724,-122.734195,Actual,Male,65,N/A,Good,Orange,N/A,Live,No,,"Shrimp - 1/2""",106-Y,-,Mackerel,NWSC,360.481.9253,simpson@nwstraits.org,"Alexandra Simpson, NWSC",Specimen,N/A,Given to WSG,Simpson NWSC,-,WDFW,,,,
,DH.2021.0128,WASS.2021.0261,N/A,Crustacean,Carcinus maenas,European Green Crab,10/5/2021,10/5/2021,5,10,2021,San Juan Islands,Drayton Harbor,N/A,California Creek,-,Whatcom,48.961444,-122.734242,Actual,Male,70.5,N/A,Rr1,Red/Orange,N/A,Live,No,,Shrimp,164-P,-,Mackerel,NWSC,360.481.9253,simpson@nwstraits.org,"Alexandra Simpson, NWSC",Specimen,N/A,Given to WSG,Simpson NWSC,-,WDFW,,,,
,DH.2021.0129,WASS.2021.0262,N/A,Crustacean,Carcinus maenas,European Green Crab,10/5/2021,10/5/2021,5,10,2021,San Juan Islands,Drayton Harbor,N/A,Dakota Creek,-,Whatcom,48.973802,-122.734376,Actual,Male,86,N/A,Good,Orange,N/A,Live,No,,Shrimp,N/A,-,Mackerel,NWSC,360.481.9253,simpson@nwstraits.org,"Alexandra Simpson, NWSC",Specimen,N/A,Given to WSG,Simpson NWSC,-,WDFW,,,,
,DH.2021.0130,WASS.2021.0263,N/A,Crustacean,Carcinus maenas,European Green Crab,10/5/2021,10/5/2021,5,10,2021,San Juan Islands,Drayton Harbor,N/A,Dakota Creek,-,Whatcom,48.973802,-122.734376,Actual,Female,67.5,N/A,Good,Dark-Green,No,Live,No,,Shrimp,N/A,-,Mackerel,NWSC,360.481.9253,simpson@nwstraits.org,"Alexandra Simpson, NWSC",Specimen,N/A,Given to WSG,Simpson NWSC,-,WDFW,,,,
,DH.2021.0131,WASS.2021.0264,N/A,Crustacean,Carcinus maenas,European Green Crab,10/5/2021,10/5/2021,5,10,2021,San Juan Islands,Drayton Harbor,N/A,Dakota Creek,-,Whatcom,48.973802,-122.734376,Actual,Female,70,N/A,Good,Dark-Green,No,Live,No,,Shrimp,N/A,-,Mackerel,NWSC,360.481.9253,simpson@nwstraits.org,"Alexandra Simpson, NWSC",Specimen,N/A,Given to WSG,Simpson NWSC,-,WDFW,,,,
,DH.2021.0132,WASS.2021.0265,N/A,Crustacean,Carcinus maenas,European Green Crab,10/5/2021,10/5/2021,5,10,2021,San Juan Islands,Drayton Harbor,N/A,Dakota Creek,-,Whatcom,48.973476,-122.733455,Actual,Female,64,N/A,L5; Rr1,Dark-Green,No,Live,No,,Shrimp,197-P,-,Mackerel,NWSC,360.481.9253,simpson@nwstraits.org,"Alexandra Simpson, NWSC",Specimen,N/A,Given to WSG,Simpson NWSC,-,WDFW,,,,
,DH.2021.0133,WASS.2021.0266,N/A,Crustacean,Carcinus maenas,European Green Crab,10/5/2021,10/5/2021,5,10,2021,San Juan Islands,Drayton Harbor,N/A,Dakota Creek,-,Whatcom,48.973476,-122.733455,Actual,Male,58.5,N/A,Good,Light-Green,N/A,Live,No,,Shrimp,197-P,-,Mackerel,NWSC,360.481.9253,simpson@nwstraits.org,"Alexandra Simpson, NWSC",Specimen,N/A,Given to WSG,Simpson NWSC,-,WDFW,,,,
,DH.2021.0134,WASS.2021.0267,N/A,Crustacean,Carcinus maenas,European Green Crab,10/5/2021,10/5/2021,5,10,2021,San Juan Islands,Drayton Harbor,N/A,Dakota Creek,-,Whatcom,48.972615,-122.732228,Actual,Female,75,N/A,Lr1,Dark-Green,No,Live,No,,Shrimp,1399-G,-,Mackerel,NWSC,360.481.9253,simpson@nwstraits.org,"Alexandra Simpson, NWSC",Specimen,N/A,Given to WSG,Simpson NWSC,-,WDFW,,,,
,DH.2021.0135,WASS.2021.0268,N/A,Crustacean,Carcinus maenas,European Green Crab,10/5/2021,10/5/2021,5,10,2021,San Juan Islands,Drayton Harbor,N/A,Dakota Creek,-,Whatcom,48.972615,-122.732228,Actual,Female,67.5,N/A,Good,Dark-Green,No,Live,No,,Shrimp,1399-G,-,Mackerel,NWSC,360.481.9253,simpson@nwstraits.org,"Alexandra Simpson, NWSC",Specimen,N/A,Given to WSG,Simpson NWSC,-,WDFW,,,,
,DH.2021.0136,WASS.2021.0269,N/A,Crustacean,Carcinus maenas,European Green Crab,10/5/2021,10/5/2021,5,10,2021,San Juan Islands,Drayton Harbor,N/A,Dakota Creek,-,Whatcom,48.972615,-122.732228,Actual,Male,74,N/A,L4; R1,Orange,N/A,Live,No,,Shrimp,1399-G,-,Mackerel,NWSC,360.481.9253,simpson@nwstraits.org,"Alexandra Simpson, NWSC",Specimen,N/A,Given to WSG,Simpson NWSC,-,WDFW,,,,
,DH.2021.0137,WASS.2021.0270,N/A,Crustacean,Carcinus maenas,European Green Crab,10/5/2021,10/5/2021,5,10,2021,San Juan Islands,Drayton Harbor,N/A,Dakota Creek,-,Whatcom,48.972615,-122.732228,Actual,Male,78,N/A,Lr1,Light-Orange,N/A,Live,No,,Shrimp,1399-G,-,Mackerel,NWSC,360.481.9253,simpson@nwstraits.org,"Alexandra Simpson, NWSC",Specimen,N/A,Given to WSG,Simpson NWSC,-,WDFW,,,,
,DH.2021.0138,WASS.2021.0271,N/A,Crustacean,Carcinus maenas,European Green Crab,10/5/2021,10/5/2021,5,10,2021,San Juan Islands,Drayton Harbor,N/A,Dakota Creek,-,Whatcom,48.972615,-122.732228,Actual,Female,57,N/A,Good,Dark-Green,No,Live,No,,Shrimp,1399-G,-,Mackerel,NWSC,360.481.9253,simpson@nwstraits.org,"Alexandra Simpson, NWSC",Specimen,N/A,Given to WSG,Simpson NWSC,-,WDFW,,,,
,DH.2021.0139,WASS.2021.0272,N/A,Crustacean,Carcinus maenas,European Green Crab,10/5/2021,10/5/2021,5,10,2021,San Juan Islands,Drayton Harbor,N/A,Dakota Creek,-,Whatcom,48.972615,-122.732228,Actual,Female,66,N/A,Good,Dark-Green,No,Live,No,,Shrimp,1399-G,-,Mackerel,NWSC,360.481.9253,simpson@nwstraits.org,"Alexandra Simpson, NWSC",Specimen,N/A,Given to WSG,Simpson NWSC,-,WDFW,,,,
,DH.2021.0140,WASS.2021.0273,N/A,Crustacean,Carcinus maenas,European Green Crab,10/5/2021,10/5/2021,5,10,2021,San Juan Islands,Drayton Harbor,N/A,Dakota Creek,-,Whatcom,48.972615,-122.732228,Actual,Male,68,N/A,R1,Orange,N/A,Live,No,,Shrimp,1399-G,-,Mackerel,NWSC,360.481.9253,simpson@nwstraits.org,"Alexandra Simpson, NWSC",Specimen,N/A,Given to WSG,Simpson NWSC,-,WDFW,,,,
,DH.2021.0141,WASS.2021.0274,N/A,Crustacean,Carcinus maenas,European Green Crab,10/5/2021,10/5/2021,5,10,2021,San Juan Islands,Drayton Harbor,N/A,Dakota Creek,-,Whatcom,48.972615,-122.732228,Actual,Female,65.5,N/A,L3,Dark-Green,No,Live,No,,Shrimp,1399-G,-,Mackerel,NWSC,360.481.9253,simpson@nwstraits.org,"Alexandra Simpson, NWSC",Specimen,N/A,Given to WSG,Simpson NWSC,-,WDFW,,,,
,DH.2021.0142,WASS.2021.0275,N/A,Crustacean,Carcinus maenas,European Green Crab,10/5/2021,10/5/2021,5,10,2021,San Juan Islands,Drayton Harbor,N/A,Dakota Creek,-,Whatcom,48.972573,-122.73218,Actual,Male,76.5,N/A,Good,Yellow,N/A,Live,No,,Shrimp,133-P,-,Mackerel,NWSC,360.481.9253,simpson@nwstraits.org,"Alexandra Simpson, NWSC",Specimen,N/A,Given to WSG,Simpson NWSC,-,WDFW,GPS was inaccurate. Updated with lat/long where trap was actually placed. Original lat/long: 48.972573 -122.72218 - LR,,,
,DH.2021.0143,WASS.2021.0276,N/A,Crustacean,Carcinus maenas,European Green Crab,10/5/2021,10/5/2021,5,10,2021,San Juan Islands,Drayton Harbor,N/A,Dakota Creek,-,Whatcom,48.972573,-122.73218,Actual,Male,72,N/A,L5; Rr1,Red/Orange,N/A,Live,No,,Shrimp,133-P,-,Mackerel,NWSC,360.481.9253,simpson@nwstraits.org,"Alexandra Simpson, NWSC",Specimen,N/A,Given to WSG,Simpson NWSC,-,WDFW,GPS was inaccurate. Updated with lat/long where trap was actually placed. Original lat/long: 48.972573 -122.72218 - LR,,,
,DH.2021.0144,WASS.2021.0280,N/A,Crustacean,Carcinus maenas,European Green Crab,10/6/2021,10/6/2021,6,10,2021,San Juan Islands,Drayton Harbor,N/A,North,Pillars,Whatcom,48.98852,-122.75372,Actual,Male,72.5,N/A,Good,Orange,N/A,Live,Yes,,"Shrimp - 1/2""",105-Y,-,Mackerel,NWSC,360.481.9253,simpson@nwstraits.org,"Alexandra Simpson, NWSC",Specimen,N/A,Given to WSG,Simpson NWSC,-,WDFW,,,,
,DH.2021.0145,WASS.2021.0281,N/A,Crustacean,Carcinus maenas,European Green Crab,10/6/2021,10/6/2021,6,10,2021,San Juan Islands,Drayton Harbor,N/A,North,Pillars,Whatcom,48.98852,-122.75372,Actual,Male,73,N/A,Ld1,Orange,N/A,Live - damaged right carapace,No,,"Shrimp - 1/2""",105-Y,-,Mackerel,NWSC,360.481.9253,simpson@nwstraits.org,"Alexandra Simpson, NWSC",Specimen,N/A,Given to WSG,Simpson NWSC,-,WDFW,,,,
,DH.2021.0146,WASS.2021.0282,N/A,Crustacean,Carcinus maenas,European Green Crab,10/6/2021,10/6/2021,6,10,2021,San Juan Islands,Drayton Harbor,N/A,North,Pillars,Whatcom,48.98852,-122.75372,Actual,Male,73.5,N/A,R3,Yellow,N/A,Live,No,,"Shrimp - 1/2""",105-Y,-,Mackerel,NWSC,360.481.9253,simpson@nwstraits.org,"Alexandra Simpson, NWSC",Specimen,N/A,Given to WSG,Simpson NWSC,-,WDFW,,,,
,,,,,,,,,,,,,,,,,,,,,,,,,,,,,,,,,,,,,,,,,,,,,,,
,,,,,,,,,,,,,,,,,,,,,,,,,,,,,,,,,,,,,,,,,,,,,,,
,,,,,,,,,,,,,,,,,,,,,,,,,,,,,,,,,,,,,,,,,,,,,,,
,,,,,,,,,,,,,,,,,,,,,,,,,,,,,,,,,,,,,,,,,,,,,,,
,,,,,,,,,,,,,,,,,,,,,,,,,,,,,,,,,,,,,,,,,,,,,,,
MOLTS,,,,,,,,,,,,,,,,,,,,,,,,,,,,,,,,,,,,,,,,,,,,,,,
,N/A,N/A,N/A,Crustacean,Carcinus maenas,European Green Crab,5/10/2021,5/10/2021,10,5,2021,San Juan Islands,Drayton Harbor,-,California Creek,Core,Whatcom,48.96113,-122.734133,Actual,Male,62,N/A,-,-,-,Molt,-,-,Hand,-,N/A,Mackerel,WDFW,,,"Lindsey Parker, WDFW",Specimen,,,Parker WDFW,-,WDFW,,,,
,N/A,N/A,N/A,Crustacean,Carcinus maenas,European Green Crab,5/11/2021,5/11/2021,11,5,2021,San Juan Islands,Drayton Harbor,-,California Creek,Core,Whatcom,48.961735,-122.733776,Actual,Unknown,52,N/A,-,-,-,Molt,-,-,Hand,-,N/A,Mackerel,WDFW,,,"Lindsey Parker, WDFW",Specimen,,,Parker WDFW,-,WDFW,,,,
,N/A,N/A,N/A,Crustacean,Carcinus maenas,European Green Crab,5/25/2021,5/25/2021,25,5,2021,San Juan Islands,Drayton Harbor,-,Pillars,Core,Whatcom,48.988553,-122.753792,Actual,Unknown,-,N/A,-,-,,Molt,-,-,Hand,-,N/A,N/A,WDFW,,,"Lindsey Parker, WDFW",Specimen,,,Parker WDFW,-,WDFW,,,,
,N/A,N/A,N/A,Crustacean,Carcinus maenas,European Green Crab,5/25/2021,5/25/2021,25,5,2021,San Juan Islands,Drayton Harbor,-,Pillars,Core,Whatcom,,,,Male,75,N/A,-,-,-,Molt,-,,Hand,-,N/A,N/A,WDFW,,,"Lindsey Parker, WDFW",Specimen,,,Parker WDFW,-,WDFW,,,,
,-,,N/A,Crustacean,Carcinus maenas,European Green Crab,6/8/2021,6/8/2021,8,6,2021,San Juan Islands,Drayton Harbor,-,California Creek,Core,Whatcom,48.961287,-122.732831,Actual,Unknown,-,N/A,-,-,-,Molt,-,-,Hand,N/A,N/A,N/A,WDFW,,,"Lindsey Parker, WDFW",Specimen,,,Parker WDFW,-,WDFW,,,,
,-,,N/A,Crustacean,Carcinus maenas,European Green Crab,6/10/2021,6/10/2021,10,6,2021,San Juan Islands,Drayton Harbor,-,California Creek,Core,Whatcom,48.961168,-122.734164,Actual,Male,-,N/A,-,-,-,Molt,-,-,Hand,N/A,N/A,N/A,WDFW,,,"Lindsey Parker, WDFW",Specimen,,,Parker WDFW,-,WDFW,,,,
,-,,N/A,Crustacean,Carcinus maenas,European Green Crab,6/23/2021,6/23/2021,23,6,2021,San Juan Islands,Drayton Harbor,C.CC.16,California Creek,Core; molt was found next to trap,Whatcom,48.961238,-122.734148,Actual,Unknown,-,N/A,-,-,-,Molt,-,-,Hand,N/A,N/A,N/A,WDFW,,,"Lindsey Parker, WDFW",Specimen,,,Parker WDFW,-,WDFW,,,,
,-,,N/A,Crustacean,Carcinus maenas,European Green Crab,7/8/2021,7/8/2021,8,7,2021,San Juan Islands,Drayton Harbor,-,Pillars,Core,Whatcom,48.988926,-122.755167,Actual,Female,55,N/A,Lr3,Orange,N/A,Molt,Yes,,Hand,N/A,N/A,N/A,WDFW,,,"Lindsey Parker, WDFW",Specimen,,,Parker WDFW,-,WDFW,,,,
,-,,N/A,Crustacean,Carcinus maenas,European Green Crab,7/8/2021,7/8/2021,8,7,2021,San Juan Islands,Drayton Harbor,C.P.19,Pillars,Core,Whatcom,48.988646,-122.754055,Actual,Female,47,N/A,N/A,Green,N/A,Molt,Yes,,Hand,N/A,N/A,N/A,WDFW,,,"Lindsey Parker, WDFW",Specimen,,,Parker WDFW,-,WDFW,,,,
